date,time,appliance,watts,duration_hours
2025-01-31,01:32,Refrigerator,146.4,0.46
2025-01-31,02:00,Refrigerator,156.5,0.49
2025-01-31,02:00,Refrigerator,131.3,0.58
2025-01-31,02:32,Refrigerator,164.0,0.52
2025-01-31,04:50,Refrigerator,139.5,0.69
2025-01-31,06:08,Refrigerator,136.5,0.56
2025-01-31,06:51,Lights,42.6,1.96
2025-01-31,07:03,Refrigerator,154.2,0.3
2025-01-31,07:51,Microwave,865.1,0.05
2025-01-31,08:25,Refrigerator,155.8,0.44
2025-01-31,08:27,Refrigerator,156.6,0.6
2025-01-31,09:03,Refrigerator,154.4,0.59
2025-01-31,09:27,Refrigerator,154.4,0.42
2025-01-31,11:24,Refrigerator,166.3,0.35
2025-01-31,11:54,Refrigerator,149.5,0.54
2025-01-31,12:40,Refrigerator,133.1,0.45
2025-01-31,13:38,Refrigerator,147.0,0.4
2025-01-31,14:34,Refrigerator,145.4,0.54
2025-01-31,14:59,Refrigerator,149.7,0.39
2025-01-31,15:14,Refrigerator,147.7,0.47
2025-01-31,15:44,Refrigerator,165.5,0.45
2025-01-31,16:07,Air Conditioner,1472.3,1.61
2025-01-31,16:22,Air Conditioner,1563.8,3.76
2025-01-31,17:03,Refrigerator,151.9,0.57
2025-01-31,18:12,Water Heater,1936.4,0.46
2025-01-31,18:31,Refrigerator,121.6,0.6
2025-01-31,19:11,Lights,39.8,1.16
2025-01-31,20:32,Refrigerator,154.8,0.31
2025-01-31,20:32,Microwave,1085.0,0.05
2025-01-31,20:36,Laptop,47.5,1.9
2025-01-31,20:38,Washing Machine,501.0,1.3
2025-01-31,20:57,Television,92.0,1.74
2025-01-31,21:27,Television,143.2,1.67
2025-01-31,21:52,Refrigerator,138.4,0.45
2025-01-31,21:58,Laptop,69.1,3.21
2025-01-31,23:10,Refrigerator,162.7,0.41
2025-01-31,23:36,Refrigerator,166.3,0.64
2025-02-01,00:04,Refrigerator,149.9,0.34
2025-02-01,00:08,Refrigerator,130.2,0.44
2025-02-01,00:23,Refrigerator,163.1,0.61
2025-02-01,00:47,Refrigerator,151.3,0.55
2025-02-01,00:47,Refrigerator,145.1,0.42
2025-02-01,01:20,Refrigerator,204.7,0.51
2025-02-01,02:18,Refrigerator,135.6,0.47
2025-02-01,02:19,Refrigerator,128.1,0.43
2025-02-01,02:47,Refrigerator,155.9,0.43
2025-02-01,03:34,Refrigerator,149.8,0.52
2025-02-01,05:02,Water Heater,2064.2,0.38
2025-02-01,05:21,Refrigerator,132.4,0.51
2025-02-01,06:57,Lights,22.1,2.18
2025-02-01,06:59,Refrigerator,115.8,0.51
2025-02-01,07:00,Refrigerator,173.4,0.59
2025-02-01,07:08,Microwave,904.1,0.17
2025-02-01,07:23,Microwave,1002.4,0.14
2025-02-01,07:31,Lights,35.1,2.04
2025-02-01,07:57,Lights,35.3,2.54
2025-02-01,08:32,Refrigerator,158.6,0.25
2025-02-01,09:07,Laptop,60.1,3.95
2025-02-01,11:40,Washing Machine,482.6,0.97
2025-02-01,14:50,Laptop,66.5,1.85
2025-02-01,15:02,Refrigerator,144.3,0.61
2025-02-01,15:27,Air Conditioner,1413.5,2.35
2025-02-01,15:40,Refrigerator,123.4,0.5
2025-02-01,15:52,Air Conditioner,1560.3,2.77
2025-02-01,16:05,Electric Fan,62.3,3.05
2025-02-01,16:37,Refrigerator,178.1,0.36
2025-02-01,17:22,Refrigerator,187.4,0.54
2025-02-01,17:45,Refrigerator,187.3,0.55
2025-02-01,19:30,Water Heater,1746.0,0.35
2025-02-01,19:31,Television,127.7,1.08
2025-02-01,19:41,Microwave,1051.5,0.13
2025-02-01,20:03,Air Conditioner,1498.5,2.33
2025-02-01,20:41,Television,147.8,2.29
2025-02-01,22:08,Refrigerator,169.3,0.39
2025-02-01,22:21,Refrigerator,167.6,0.48
2025-02-01,22:59,Electric Fan,64.2,3.55
2025-02-01,23:07,Refrigerator,158.5,0.59
2025-02-02,00:32,Refrigerator,159.6,0.55
2025-02-02,00:55,Refrigerator,130.4,0.55
2025-02-02,01:51,Refrigerator,178.8,0.36
2025-02-02,02:40,Refrigerator,162.7,0.27
2025-02-02,02:48,Refrigerator,137.7,0.54
2025-02-02,03:09,Refrigerator,183.6,0.31
2025-02-02,04:11,Refrigerator,181.1,0.46
2025-02-02,04:21,Refrigerator,158.9,0.58
2025-02-02,06:02,Lights,44.9,2.04
2025-02-02,06:03,Refrigerator,129.1,0.63
2025-02-02,06:35,Refrigerator,144.9,0.38
2025-02-02,07:11,Water Heater,2361.5,0.38
2025-02-02,07:18,Lights,39.8,1.5
2025-02-02,07:37,Microwave,1024.5,0.07
2025-02-02,08:08,Microwave,1055.9,0.14
2025-02-02,09:25,Refrigerator,125.2,0.42
2025-02-02,10:28,Refrigerator,148.2,0.45
2025-02-02,10:43,Refrigerator,132.3,0.43
2025-02-02,11:02,Refrigerator,160.0,0.61
2025-02-02,11:15,Refrigerator,149.6,0.41
2025-02-02,13:01,Refrigerator,152.2,0.46
2025-02-02,13:30,Refrigerator,151.9,0.56
2025-02-02,13:52,Electric Fan,84.6,2.1
2025-02-02,14:46,Electric Fan,75.5,4.45
2025-02-02,15:43,Laptop,57.9,0.96
2025-02-02,15:57,Air Conditioner,1832.3,2.12
2025-02-02,16:38,Refrigerator,170.9,0.52
2025-02-02,17:15,Air Conditioner,1626.8,2.51
2025-02-02,17:56,Iron,1085.7,0.38
2025-02-02,17:57,Air Conditioner,1670.5,1.88
2025-02-02,18:48,Refrigerator,141.8,0.6
2025-02-02,18:52,Water Heater,2187.2,0.56
2025-02-02,19:07,Lights,43.2,1.59
2025-02-02,19:18,Air Conditioner,1588.4,1.97
2025-02-02,19:23,Refrigerator,165.0,0.68
2025-02-02,19:28,Microwave,855.2,0.05
2025-02-02,19:42,Microwave,1088.9,0.12
2025-02-02,19:47,Refrigerator,119.1,0.42
2025-02-02,19:52,Water Heater,1790.3,0.5
2025-02-02,19:53,Air Conditioner,1369.3,3.26
2025-02-02,20:00,Refrigerator,192.4,0.6
2025-02-02,20:49,Lights,33.2,1.98
2025-02-02,21:52,Lights,40.7,2.49
2025-02-02,22:02,Refrigerator,135.4,0.37
2025-02-02,22:16,Refrigerator,126.9,0.66
2025-02-02,22:57,Refrigerator,180.9,0.63
2025-02-02,22:59,Lights,46.9,1.8
2025-02-02,23:15,Refrigerator,146.0,0.51
2025-02-03,00:52,Refrigerator,161.4,0.6
2025-02-03,00:53,Refrigerator,158.3,0.63
2025-02-03,01:09,Refrigerator,173.6,0.45
2025-02-03,01:10,Refrigerator,141.3,0.47
2025-02-03,01:37,Refrigerator,182.2,0.63
2025-02-03,01:40,Refrigerator,118.1,0.44
2025-02-03,03:26,Refrigerator,156.8,0.69
2025-02-03,04:37,Refrigerator,153.3,0.58
2025-02-03,05:32,Refrigerator,140.3,0.63
2025-02-03,06:34,Lights,34.7,1.71
2025-02-03,07:31,Refrigerator,150.0,0.46
2025-02-03,10:27,Laptop,54.7,2.76
2025-02-03,12:12,Refrigerator,156.7,0.47
2025-02-03,12:28,Microwave,1007.6,0.12
2025-02-03,12:45,Refrigerator,183.7,0.33
2025-02-03,13:55,Microwave,1099.7,0.09
2025-02-03,14:22,Refrigerator,162.9,0.64
2025-02-03,14:26,Refrigerator,155.0,0.45
2025-02-03,14:27,Electric Fan,52.0,2.37
2025-02-03,14:48,Refrigerator,177.4,0.43
2025-02-03,15:27,Air Conditioner,1352.5,1.53
2025-02-03,15:54,Refrigerator,155.2,0.53
2025-02-03,17:49,Air Conditioner,1817.8,1.86
2025-02-03,18:08,Lights,39.6,1.55
2025-02-03,18:22,Television,118.5,2.29
2025-02-03,19:01,Water Heater,2336.8,0.36
2025-02-03,20:00,Laptop,59.2,0.85
2025-02-03,20:13,Refrigerator,136.9,0.42
2025-02-03,20:16,Lights,48.5,1.69
2025-02-03,20:36,Refrigerator,137.1,0.64
2025-02-03,21:33,Lights,36.3,1.59
2025-02-03,21:46,Lights,27.7,2.02
2025-02-03,21:53,Refrigerator,139.6,0.59
2025-02-03,21:58,Refrigerator,155.5,0.53
2025-02-03,22:41,Refrigerator,115.9,0.49
2025-02-04,01:12,Refrigerator,138.3,0.53
2025-02-04,02:20,Refrigerator,138.5,0.43
2025-02-04,03:29,Refrigerator,138.2,0.41
2025-02-04,04:05,Refrigerator,162.8,0.42
2025-02-04,04:08,Refrigerator,160.6,0.64
2025-02-04,05:36,Refrigerator,165.3,0.5
2025-02-04,05:44,Water Heater,2512.8,0.58
2025-02-04,05:50,Refrigerator,161.3,0.58
2025-02-04,06:56,Refrigerator,118.8,0.52
2025-02-04,07:09,Lights,56.4,1.98
2025-02-04,07:10,Refrigerator,138.1,0.56
2025-02-04,07:37,Water Heater,1302.1,0.65
2025-02-04,08:13,Microwave,771.1,0.17
2025-02-04,08:33,Refrigerator,159.8,0.66
2025-02-04,08:44,Refrigerator,201.5,0.44
2025-02-04,10:07,Refrigerator,174.8,0.49
2025-02-04,11:18,Refrigerator,119.5,0.39
2025-02-04,11:46,Refrigerator,169.7,0.58
2025-02-04,11:54,Laptop,70.1,2.65
2025-02-04,12:05,Refrigerator,122.0,0.56
2025-02-04,12:06,Microwave,1091.6,0.15
2025-02-04,12:19,Refrigerator,106.5,0.46
2025-02-04,12:42,Refrigerator,115.4,0.62
2025-02-04,13:14,Microwave,998.7,0.15
2025-02-04,14:05,Refrigerator,149.8,0.55
2025-02-04,15:35,Electric Fan,88.6,1.37
2025-02-04,15:37,Laptop,75.8,3.83
2025-02-04,16:04,Refrigerator,157.4,0.44
2025-02-04,18:17,Air Conditioner,1723.9,3.72
2025-02-04,19:25,Refrigerator,121.7,0.56
2025-02-04,20:22,Air Conditioner,1302.4,4.96
2025-02-04,20:23,Lights,40.6,3.25
2025-02-04,20:24,Air Conditioner,1008.7,1.88
2025-02-04,20:28,Lights,47.6,1.54
2025-02-04,21:20,Refrigerator,140.8,0.44
2025-02-04,21:33,Refrigerator,191.7,0.64
2025-02-04,21:37,Lights,17.6,2.34
2025-02-04,22:19,Electric Fan,77.8,1.22
2025-02-04,23:09,Refrigerator,189.9,0.7
2025-02-04,23:37,Refrigerator,114.6,0.4
2025-02-04,23:54,Refrigerator,165.9,0.51
2025-02-05,01:26,Refrigerator,119.9,0.47
2025-02-05,02:23,Refrigerator,150.5,0.36
2025-02-05,05:50,Refrigerator,143.1,0.46
2025-02-05,06:34,Water Heater,2244.2,0.41
2025-02-05,06:49,Lights,61.6,2.34
2025-02-05,06:51,Refrigerator,166.1,0.48
2025-02-05,07:15,Water Heater,2493.9,0.4
2025-02-05,07:29,Lights,49.7,1.98
2025-02-05,07:46,Microwave,850.1,0.16
2025-02-05,07:48,Refrigerator,128.8,0.39
2025-02-05,07:53,Refrigerator,166.3,0.31
2025-02-05,08:02,Microwave,844.3,0.13
2025-02-05,08:48,Refrigerator,172.1,0.52
2025-02-05,09:48,Refrigerator,187.6,0.63
2025-02-05,10:37,Refrigerator,124.2,0.37
2025-02-05,11:58,Refrigerator,145.1,0.47
2025-02-05,14:32,Air Conditioner,2028.7,2.59
2025-02-05,16:28,Refrigerator,187.0,0.61
2025-02-05,16:44,Refrigerator,171.7,0.46
2025-02-05,17:01,Refrigerator,119.3,0.78
2025-02-05,17:04,Air Conditioner,1645.2,2.67
2025-02-05,17:20,Refrigerator,158.9,0.5
2025-02-05,17:25,Air Conditioner,1488.9,2.64
2025-02-05,18:17,Refrigerator,170.8,0.4
2025-02-05,18:45,Refrigerator,178.3,0.51
2025-02-05,19:06,Television,101.3,3.09
2025-02-05,19:18,Microwave,1136.7,0.15
2025-02-05,19:56,Refrigerator,167.0,0.27
2025-02-05,19:57,Lights,34.6,2.2
2025-02-05,20:08,Laptop,77.5,1.25
2025-02-05,20:25,Refrigerator,200.8,0.55
2025-02-05,20:46,Refrigerator,146.8,0.46
2025-02-05,21:10,Refrigerator,130.2,0.49
2025-02-05,21:50,Refrigerator,153.7,0.51
2025-02-05,22:08,Lights,41.7,1.91
2025-02-05,22:27,Refrigerator,174.4,0.28
2025-02-05,22:33,Electric Fan,78.5,1.37
2025-02-05,22:38,Refrigerator,133.4,0.59
2025-02-05,22:50,Refrigerator,154.0,0.49
2025-02-06,00:57,Refrigerator,138.5,0.51
2025-02-06,02:49,Refrigerator,162.6,0.6
2025-02-06,03:50,Refrigerator,137.8,0.36
2025-02-06,05:33,Refrigerator,143.8,0.43
2025-02-06,06:34,Refrigerator,168.8,0.45
2025-02-06,06:39,Refrigerator,131.0,0.76
2025-02-06,07:10,Refrigerator,176.8,0.41
2025-02-06,07:30,Refrigerator,161.2,0.61
2025-02-06,07:58,Water Heater,1844.8,0.64
2025-02-06,09:43,Washing Machine,514.2,1.02
2025-02-06,10:39,Refrigerator,118.8,0.46
2025-02-06,11:14,Refrigerator,144.3,0.51
2025-02-06,12:33,Refrigerator,151.6,0.6
2025-02-06,12:42,Refrigerator,173.0,0.43
2025-02-06,13:14,Refrigerator,128.4,0.61
2025-02-06,14:11,Refrigerator,171.3,0.51
2025-02-06,14:17,Laptop,50.8,1.07
2025-02-06,14:23,Refrigerator,151.9,0.52
2025-02-06,14:31,Refrigerator,158.6,0.52
2025-02-06,15:07,Refrigerator,172.6,0.49
2025-02-06,15:11,Air Conditioner,1643.5,2.7
2025-02-06,15:44,Electric Fan,81.0,2.58
2025-02-06,15:45,Air Conditioner,1244.1,2.22
2025-02-06,16:03,Refrigerator,137.0,0.6
2025-02-06,16:13,Refrigerator,121.9,0.55
2025-02-06,16:16,Refrigerator,148.5,0.56
2025-02-06,17:44,Air Conditioner,1696.5,1.7
2025-02-06,18:16,Air Conditioner,1602.1,1.03
2025-02-06,19:00,Microwave,958.0,0.09
2025-02-06,19:11,Lights,45.6,1.23
2025-02-06,19:43,Water Heater,2275.9,0.53
2025-02-06,20:08,Refrigerator,153.6,0.47
2025-02-06,21:12,Lights,38.5,1.67
2025-02-06,21:15,Refrigerator,140.9,0.56
2025-02-06,22:22,Refrigerator,146.3,0.46
2025-02-06,22:25,Refrigerator,166.4,0.51
2025-02-06,22:55,Lights,42.4,2.46
2025-02-07,01:31,Refrigerator,145.0,0.44
2025-02-07,02:51,Refrigerator,181.3,0.49
2025-02-07,02:55,Refrigerator,160.9,0.7
2025-02-07,04:10,Refrigerator,146.5,0.42
2025-02-07,06:04,Refrigerator,142.6,0.42
2025-02-07,06:09,Refrigerator,173.7,0.48
2025-02-07,06:28,Water Heater,2026.7,0.62
2025-02-07,06:30,Refrigerator,133.8,0.59
2025-02-07,07:02,Lights,38.4,1.33
2025-02-07,08:02,Refrigerator,160.9,0.61
2025-02-07,08:16,Refrigerator,144.3,0.41
2025-02-07,08:59,Microwave,1094.2,0.14
2025-02-07,10:51,Laptop,48.1,3.51
2025-02-07,12:44,Refrigerator,153.1,0.67
2025-02-07,12:48,Microwave,874.8,0.17
2025-02-07,12:55,Refrigerator,105.1,0.41
2025-02-07,14:29,Refrigerator,165.4,0.57
2025-02-07,14:37,Refrigerator,167.7,0.4
2025-02-07,14:45,Laptop,71.2,2.84
2025-02-07,14:58,Air Conditioner,1593.9,3.64
2025-02-07,15:39,Refrigerator,137.2,0.45
2025-02-07,15:40,Refrigerator,126.6,0.43
2025-02-07,16:09,Refrigerator,136.1,0.5
2025-02-07,16:23,Refrigerator,148.3,0.59
2025-02-07,17:05,Refrigerator,168.1,0.5
2025-02-07,19:21,Lights,24.1,2.28
2025-02-07,19:28,Water Heater,2250.2,0.45
2025-02-07,19:31,Refrigerator,159.8,0.44
2025-02-07,19:35,Lights,25.1,2.16
2025-02-07,20:26,Television,134.6,0.52
2025-02-07,20:41,Refrigerator,156.4,0.44
2025-02-07,20:48,Air Conditioner,1738.8,4.5
2025-02-07,21:13,Lights,56.4,2.75
2025-02-07,22:16,Electric Fan,85.0,2.55
2025-02-07,23:44,Refrigerator,143.8,0.52
2025-02-07,23:58,Refrigerator,138.3,0.69
2025-02-08,00:01,Refrigerator,170.5,0.51
2025-02-08,00:12,Refrigerator,146.4,0.43
2025-02-08,01:37,Refrigerator,186.0,0.56
2025-02-08,02:40,Refrigerator,145.6,0.38
2025-02-08,03:57,Refrigerator,147.9,0.68
2025-02-08,04:03,Refrigerator,167.5,0.58
2025-02-08,05:08,Refrigerator,186.2,0.54
2025-02-08,06:04,Lights,46.5,1.3
2025-02-08,07:07,Refrigerator,167.9,0.56
2025-02-08,07:10,Refrigerator,130.7,0.5
2025-02-08,07:28,Lights,50.0,1.75
2025-02-08,07:55,Iron,1136.3,0.76
2025-02-08,07:57,Water Heater,2443.0,0.64
2025-02-08,11:36,Laptop,43.7,3.02
2025-02-08,12:50,Refrigerator,129.4,0.45
2025-02-08,13:01,Microwave,1026.8,0.06
2025-02-08,14:32,Refrigerator,143.3,0.54
2025-02-08,14:58,Refrigerator,192.3,0.48
2025-02-08,15:03,Refrigerator,177.0,0.55
2025-02-08,16:11,Refrigerator,198.0,0.5
2025-02-08,16:27,Electric Fan,80.2,2.68
2025-02-08,16:39,Refrigerator,178.0,0.59
2025-02-08,17:05,Refrigerator,131.3,0.58
2025-02-08,17:14,Refrigerator,140.1,0.46
2025-02-08,17:53,Refrigerator,184.6,0.61
2025-02-08,18:24,Air Conditioner,1652.1,2.8
2025-02-08,18:34,Refrigerator,141.8,0.36
2025-02-08,19:32,Refrigerator,145.6,0.5
2025-02-08,19:46,Microwave,1154.2,0.19
2025-02-08,19:55,Lights,25.9,1.72
2025-02-08,20:13,Microwave,739.0,0.12
2025-02-08,20:30,Refrigerator,172.6,0.47
2025-02-08,20:44,Microwave,910.6,0.09
2025-02-08,21:47,Television,127.9,3.33
2025-02-08,22:10,Lights,38.5,2.5
2025-02-08,22:52,Refrigerator,149.5,0.71
2025-02-08,23:40,Refrigerator,133.1,0.5
2025-02-08,23:49,Refrigerator,154.5,0.6
2025-02-09,00:48,Refrigerator,107.0,0.68
2025-02-09,04:40,Refrigerator,156.1,0.42
2025-02-09,04:46,Refrigerator,160.9,0.41
2025-02-09,06:30,Refrigerator,153.0,0.33
2025-02-09,06:41,Lights,31.8,1.92
2025-02-09,07:20,Water Heater,2017.7,0.61
2025-02-09,07:38,Lights,58.5,2.11
2025-02-09,07:48,Refrigerator,172.1,0.62
2025-02-09,08:10,Refrigerator,145.1,0.6
2025-02-09,09:29,Laptop,44.1,3.55
2025-02-09,10:00,Refrigerator,152.4,0.4
2025-02-09,10:01,Laptop,44.3,2.4
2025-02-09,12:28,Microwave,1018.0,0.17
2025-02-09,12:51,Refrigerator,131.2,0.56
2025-02-09,13:03,Refrigerator,170.9,0.56
2025-02-09,13:11,Refrigerator,152.8,0.55
2025-02-09,14:20,Refrigerator,167.5,0.28
2025-02-09,14:56,Electric Fan,86.6,1.76
2025-02-09,15:12,Refrigerator,156.8,0.64
2025-02-09,17:05,Refrigerator,166.0,0.46
2025-02-09,17:12,Refrigerator,144.0,0.64
2025-02-09,17:17,Refrigerator,169.3,0.53
2025-02-09,18:19,Air Conditioner,1575.9,2.44
2025-02-09,18:30,Refrigerator,128.2,0.66
2025-02-09,18:35,Water Heater,2415.3,0.56
2025-02-09,18:52,Water Heater,2026.9,0.38
2025-02-09,19:03,Microwave,912.9,0.05
2025-02-09,19:13,Washing Machine,488.4,0.86
2025-02-09,20:14,Refrigerator,176.8,0.66
2025-02-09,20:36,Air Conditioner,1492.6,2.4
2025-02-09,20:42,Television,137.1,1.8
2025-02-09,20:50,Television,127.8,1.4
2025-02-09,20:58,Refrigerator,151.6,0.3
2025-02-09,21:00,Lights,44.8,0.86
2025-02-09,22:03,Electric Fan,68.1,3.8
2025-02-09,22:07,Refrigerator,137.5,0.69
2025-02-09,22:43,Refrigerator,128.7,0.51
2025-02-09,22:54,Refrigerator,153.0,0.54
2025-02-09,22:58,Lights,65.5,2.21
2025-02-10,01:34,Refrigerator,183.4,0.59
2025-02-10,01:40,Refrigerator,113.3,0.55
2025-02-10,01:59,Refrigerator,137.6,0.57
2025-02-10,03:02,Refrigerator,116.3,0.37
2025-02-10,03:25,Refrigerator,163.6,0.47
2025-02-10,04:12,Refrigerator,176.2,0.57
2025-02-10,04:19,Refrigerator,151.5,0.58
2025-02-10,05:01,Refrigerator,183.5,0.54
2025-02-10,05:40,Refrigerator,129.6,0.71
2025-02-10,05:51,Refrigerator,128.6,0.41
2025-02-10,06:01,Lights,39.7,2.41
2025-02-10,06:31,Refrigerator,152.7,0.48
2025-02-10,09:53,Refrigerator,184.2,0.46
2025-02-10,10:09,Refrigerator,164.7,0.36
2025-02-10,10:13,Laptop,51.0,3.05
2025-02-10,10:38,Refrigerator,170.9,0.45
2025-02-10,12:22,Refrigerator,128.2,0.47
2025-02-10,12:29,Microwave,1056.8,0.13
2025-02-10,12:45,Refrigerator,166.2,0.37
2025-02-10,15:04,Air Conditioner,1929.0,2.92
2025-02-10,15:18,Air Conditioner,1334.4,1.83
2025-02-10,15:32,Air Conditioner,1353.0,2.35
2025-02-10,15:34,Laptop,57.6,3.54
2025-02-10,18:14,Air Conditioner,1474.0,1.94
2025-02-10,18:34,Lights,29.3,1.85
2025-02-10,19:07,Refrigerator,133.5,0.52
2025-02-10,19:12,Lights,47.3,1.77
2025-02-10,19:51,Microwave,1008.2,0.1
2025-02-10,20:07,Refrigerator,156.6,0.58
2025-02-10,20:19,Refrigerator,135.0,0.52
2025-02-10,20:21,Television,169.9,2.2
2025-02-10,20:33,Lights,45.1,2.03
2025-02-10,21:15,Lights,33.5,2.26
2025-02-10,21:43,Refrigerator,126.5,0.38
2025-02-10,22:15,Refrigerator,149.6,0.54
2025-02-10,22:15,Refrigerator,118.9,0.32
2025-02-11,00:22,Refrigerator,145.4,0.51
2025-02-11,01:59,Refrigerator,146.0,0.46
2025-02-11,02:23,Refrigerator,150.2,0.45
2025-02-11,02:48,Refrigerator,110.8,0.71
2025-02-11,04:21,Refrigerator,145.3,0.4
2025-02-11,05:14,Refrigerator,185.0,0.58
2025-02-11,05:41,Refrigerator,155.7,0.52
2025-02-11,06:04,Water Heater,2376.6,0.52
2025-02-11,06:26,Refrigerator,174.2,0.47
2025-02-11,06:37,Water Heater,2008.9,0.42
2025-02-11,06:39,Refrigerator,158.7,0.62
2025-02-11,06:49,Refrigerator,122.7,0.48
2025-02-11,07:24,Microwave,941.7,0.1
2025-02-11,07:35,Microwave,1132.8,0.13
2025-02-11,07:48,Refrigerator,137.2,0.52
2025-02-11,07:57,Refrigerator,154.7,0.5
2025-02-11,08:16,Refrigerator,159.3,0.52
2025-02-11,10:54,Refrigerator,164.8,0.53
2025-02-11,11:09,Laptop,70.7,3.56
2025-02-11,13:11,Electric Fan,77.7,2.83
2025-02-11,14:27,Air Conditioner,1417.8,2.01
2025-02-11,15:09,Air Conditioner,1096.9,2.44
2025-02-11,15:15,Refrigerator,150.3,0.43
2025-02-11,15:30,Air Conditioner,1203.9,2.05
2025-02-11,17:39,Refrigerator,158.9,0.62
2025-02-11,17:44,Refrigerator,149.7,0.56
2025-02-11,17:57,Refrigerator,166.2,0.43
2025-02-11,18:08,Television,124.9,1.0
2025-02-11,19:28,Refrigerator,160.0,0.73
2025-02-11,19:54,Refrigerator,142.2,0.56
2025-02-11,19:57,Lights,45.8,2.07
2025-02-11,21:08,Laptop,57.9,1.96
2025-02-11,21:15,Laptop,78.0,3.54
2025-02-11,21:19,Lights,37.8,1.86
2025-02-11,21:48,Lights,26.6,2.46
2025-02-11,22:20,Electric Fan,77.8,1.71
2025-02-11,22:42,Refrigerator,171.9,0.56
2025-02-11,23:38,Refrigerator,119.3,0.6
2025-02-11,23:44,Refrigerator,159.2,0.43
2025-02-12,01:29,Refrigerator,137.5,0.58
2025-02-12,02:25,Refrigerator,121.6,0.32
2025-02-12,04:32,Refrigerator,112.0,0.51
2025-02-12,05:54,Water Heater,1808.5,0.37
2025-02-12,05:55,Refrigerator,128.6,0.5
2025-02-12,05:58,Water Heater,2185.3,0.57
2025-02-12,07:34,Lights,56.6,1.77
2025-02-12,07:38,Refrigerator,173.3,0.44
2025-02-12,07:51,Microwave,858.9,0.05
2025-02-12,09:20,Laptop,64.0,1.83
2025-02-12,09:25,Refrigerator,156.2,0.53
2025-02-12,09:33,Refrigerator,155.2,0.36
2025-02-12,09:57,Refrigerator,145.8,0.41
2025-02-12,12:14,Microwave,1114.7,0.08
2025-02-12,12:38,Microwave,1188.5,0.18
2025-02-12,13:02,Refrigerator,152.5,0.43
2025-02-12,13:12,Electric Fan,55.6,2.28
2025-02-12,13:13,Refrigerator,166.5,0.58
2025-02-12,13:38,Refrigerator,180.9,0.59
2025-02-12,14:03,Refrigerator,161.8,0.53
2025-02-12,14:15,Electric Fan,72.8,1.93
2025-02-12,14:24,Refrigerator,137.6,0.55
2025-02-12,15:12,Refrigerator,182.8,0.76
2025-02-12,18:16,Television,141.1,1.95
2025-02-12,18:17,Air Conditioner,1156.5,2.76
2025-02-12,18:22,Refrigerator,165.1,0.54
2025-02-12,18:48,Refrigerator,130.2,0.54
2025-02-12,19:10,Refrigerator,162.7,0.55
2025-02-12,19:16,Refrigerator,139.0,0.76
2025-02-12,19:20,Lights,30.2,1.55
2025-02-12,19:26,Refrigerator,149.7,0.55
2025-02-12,19:42,Microwave,1014.1,0.05
2025-02-12,19:42,Air Conditioner,1427.1,2.74
2025-02-12,19:50,Microwave,1103.3,0.09
2025-02-12,19:56,Lights,47.7,2.61
2025-02-12,20:25,Laptop,31.3,3.21
2025-02-12,21:40,Lights,43.5,1.45
2025-02-12,22:23,Refrigerator,130.5,0.32
2025-02-12,22:51,Refrigerator,191.2,0.62
2025-02-12,23:44,Refrigerator,161.1,0.45
2025-02-13,00:41,Refrigerator,130.5,0.5
2025-02-13,01:15,Refrigerator,185.4,0.4
2025-02-13,01:21,Refrigerator,158.7,0.59
2025-02-13,01:27,Refrigerator,144.1,0.52
2025-02-13,04:02,Refrigerator,133.2,0.56
2025-02-13,05:11,Refrigerator,157.6,0.39
2025-02-13,05:33,Refrigerator,124.7,0.49
2025-02-13,06:20,Lights,47.4,1.72
2025-02-13,06:21,Refrigerator,170.4,0.77
2025-02-13,07:39,Water Heater,2763.1,0.52
2025-02-13,08:35,Refrigerator,131.1,0.39
2025-02-13,08:39,Refrigerator,167.7,0.49
2025-02-13,08:46,Refrigerator,94.8,0.61
2025-02-13,09:34,Refrigerator,137.1,0.42
2025-02-13,11:56,Refrigerator,137.9,0.66
2025-02-13,13:56,Refrigerator,158.2,0.5
2025-02-13,14:27,Laptop,74.3,2.81
2025-02-13,16:18,Refrigerator,156.1,0.49
2025-02-13,18:03,Air Conditioner,1906.7,3.36
2025-02-13,18:04,Refrigerator,113.4,0.52
2025-02-13,19:14,Air Conditioner,1354.4,2.55
2025-02-13,19:22,Refrigerator,141.5,0.61
2025-02-13,19:24,Lights,35.0,2.28
2025-02-13,19:25,Refrigerator,173.2,0.42
2025-02-13,20:20,Air Conditioner,1603.2,2.41
2025-02-13,20:45,Microwave,1002.4,0.17
2025-02-13,21:04,Lights,44.8,1.88
2025-02-13,21:11,Refrigerator,150.4,0.43
2025-02-13,21:14,Refrigerator,156.5,0.47
2025-02-13,21:18,Lights,42.8,2.37
2025-02-13,21:47,Television,113.6,1.84
2025-02-13,21:48,Refrigerator,133.4,0.51
2025-02-13,21:51,Refrigerator,142.8,0.55
2025-02-13,21:52,Laptop,64.5,4.15
2025-02-13,22:26,Lights,34.0,2.14
2025-02-13,22:27,Electric Fan,85.4,2.43
2025-02-14,00:07,Refrigerator,167.4,0.46
2025-02-14,00:55,Refrigerator,166.6,0.44
2025-02-14,02:18,Refrigerator,139.3,0.49
2025-02-14,05:13,Refrigerator,152.8,0.61
2025-02-14,06:45,Lights,35.2,2.39
2025-02-14,07:03,Water Heater,1756.6,0.54
2025-02-14,08:03,Refrigerator,142.9,0.58
2025-02-14,08:16,Microwave,1010.6,0.08
2025-02-14,08:18,Washing Machine,482.4,0.97
2025-02-14,09:18,Refrigerator,167.8,0.45
2025-02-14,11:16,Refrigerator,164.5,0.57
2025-02-14,11:39,Laptop,34.1,0.48
2025-02-14,12:07,Microwave,981.5,0.05
2025-02-14,12:14,Refrigerator,158.2,0.48
2025-02-14,12:22,Refrigerator,113.8,0.43
2025-02-14,13:08,Electric Fan,73.8,2.42
2025-02-14,13:49,Refrigerator,187.2,0.59
2025-02-14,14:26,Refrigerator,131.9,0.53
2025-02-14,14:37,Refrigerator,138.1,0.48
2025-02-14,14:38,Refrigerator,159.4,0.4
2025-02-14,15:10,Air Conditioner,1094.1,3.47
2025-02-14,15:19,Refrigerator,148.7,0.35
2025-02-14,15:29,Refrigerator,117.5,0.45
2025-02-14,15:33,Refrigerator,173.9,0.39
2025-02-14,15:56,Refrigerator,160.3,0.47
2025-02-14,16:33,Refrigerator,153.8,0.6
2025-02-14,18:46,Refrigerator,120.6,0.47
2025-02-14,19:50,Water Heater,2429.7,0.47
2025-02-14,19:55,Lights,49.6,3.18
2025-02-14,20:08,Refrigerator,155.3,0.56
2025-02-14,20:21,Television,106.5,1.28
2025-02-14,20:34,Refrigerator,164.9,0.41
2025-02-14,20:35,Refrigerator,145.5,0.47
2025-02-14,20:52,Refrigerator,160.3,0.52
2025-02-14,20:54,Television,101.4,2.73
2025-02-14,21:16,Refrigerator,147.9,0.62
2025-02-14,21:40,Refrigerator,174.8,0.51
2025-02-14,22:20,Lights,25.5,1.84
2025-02-14,22:58,Refrigerator,147.3,0.4
2025-02-14,23:13,Refrigerator,145.6,0.54
2025-02-15,02:42,Refrigerator,203.6,0.45
2025-02-15,03:17,Refrigerator,153.9,0.42
2025-02-15,04:20,Refrigerator,138.6,0.56
2025-02-15,06:03,Refrigerator,146.9,0.54
2025-02-15,06:26,Water Heater,1469.8,0.35
2025-02-15,06:27,Refrigerator,159.0,0.39
2025-02-15,07:01,Refrigerator,149.3,0.48
2025-02-15,07:14,Water Heater,1671.2,0.5
2025-02-15,07:19,Refrigerator,145.9,0.59
2025-02-15,08:09,Refrigerator,173.5,0.33
2025-02-15,08:56,Iron,1081.0,0.79
2025-02-15,08:59,Microwave,913.8,0.1
2025-02-15,09:13,Refrigerator,164.2,0.52
2025-02-15,09:44,Laptop,63.3,2.98
2025-02-15,09:59,Refrigerator,175.5,0.45
2025-02-15,10:47,Refrigerator,148.4,0.47
2025-02-15,10:48,Refrigerator,174.4,0.51
2025-02-15,11:14,Refrigerator,142.8,0.52
2025-02-15,11:33,Refrigerator,131.4,0.28
2025-02-15,12:25,Refrigerator,152.9,0.44
2025-02-15,16:38,Air Conditioner,1766.1,2.15
2025-02-15,16:45,Air Conditioner,1513.9,1.93
2025-02-15,17:17,Refrigerator,144.6,0.41
2025-02-15,17:18,Air Conditioner,1197.3,3.17
2025-02-15,18:14,Refrigerator,139.5,0.65
2025-02-15,19:50,Lights,42.9,1.41
2025-02-15,20:01,Refrigerator,175.6,0.51
2025-02-15,20:03,Washing Machine,601.8,0.78
2025-02-15,20:33,Lights,34.8,1.66
2025-02-15,20:44,Refrigerator,118.4,0.59
2025-02-15,20:50,Lights,40.3,1.34
2025-02-15,21:36,Television,141.4,0.05
2025-02-15,21:42,Refrigerator,186.8,0.43
2025-02-15,22:08,Refrigerator,170.0,0.43
2025-02-15,22:16,Electric Fan,80.6,2.1
2025-02-15,22:23,Refrigerator,169.4,0.54
2025-02-15,22:43,Lights,46.3,1.75
2025-02-15,22:50,Lights,50.6,1.77
2025-02-15,23:38,Refrigerator,124.7,0.5
2025-02-16,01:01,Refrigerator,169.6,0.62
2025-02-16,01:38,Refrigerator,118.1,0.42
2025-02-16,01:41,Refrigerator,147.3,0.34
2025-02-16,01:45,Refrigerator,169.2,0.39
2025-02-16,02:01,Refrigerator,145.5,0.41
2025-02-16,02:18,Refrigerator,147.5,0.46
2025-02-16,02:55,Refrigerator,178.9,0.51
2025-02-16,03:06,Refrigerator,173.3,0.48
2025-02-16,04:00,Refrigerator,153.6,0.51
2025-02-16,04:12,Refrigerator,167.7,0.58
2025-02-16,05:10,Refrigerator,134.2,0.47
2025-02-16,05:29,Water Heater,2018.0,0.53
2025-02-16,06:05,Lights,48.3,1.57
2025-02-16,06:11,Lights,31.3,1.89
2025-02-16,06:57,Lights,47.1,2.47
2025-02-16,07:18,Refrigerator,128.0,0.42
2025-02-16,08:13,Microwave,843.5,0.09
2025-02-16,10:17,Laptop,56.8,3.56
2025-02-16,11:05,Refrigerator,147.5,0.38
2025-02-16,12:44,Refrigerator,135.7,0.53
2025-02-16,12:46,Refrigerator,142.8,0.53
2025-02-16,13:12,Microwave,1022.6,0.12
2025-02-16,15:43,Refrigerator,172.5,0.49
2025-02-16,16:03,Electric Fan,70.1,3.26
2025-02-16,16:55,Refrigerator,162.4,0.46
2025-02-16,17:27,Refrigerator,160.4,0.56
2025-02-16,18:16,Air Conditioner,1591.0,2.92
2025-02-16,18:49,Refrigerator,160.7,0.53
2025-02-16,18:50,Iron,1126.5,0.38
2025-02-16,18:54,Television,93.8,0.05
2025-02-16,19:23,Microwave,1052.4,0.05
2025-02-16,19:35,Television,123.7,1.48
2025-02-16,20:15,Refrigerator,139.4,0.6
2025-02-16,20:26,Air Conditioner,1554.3,2.7
2025-02-16,20:27,Lights,37.3,1.61
2025-02-16,21:28,Refrigerator,194.8,0.55
2025-02-16,21:37,Lights,41.9,2.45
2025-02-16,22:18,Electric Fan,76.9,2.77
2025-02-16,22:57,Refrigerator,215.1,0.38
2025-02-16,23:22,Refrigerator,154.8,0.26
2025-02-16,23:54,Refrigerator,144.4,0.56
2025-02-17,00:23,Refrigerator,128.9,0.61
2025-02-17,01:15,Refrigerator,168.7,0.47
2025-02-17,01:21,Refrigerator,153.5,0.51
2025-02-17,02:24,Refrigerator,132.8,0.62
2025-02-17,03:57,Refrigerator,190.4,0.52
2025-02-17,05:06,Refrigerator,152.0,0.65
2025-02-17,05:43,Refrigerator,152.8,0.47
2025-02-17,06:48,Lights,38.5,2.21
2025-02-17,07:06,Refrigerator,157.4,0.44
2025-02-17,07:27,Refrigerator,145.2,0.52
2025-02-17,07:52,Water Heater,2049.4,0.51
2025-02-17,08:12,Refrigerator,174.7,0.47
2025-02-17,08:34,Refrigerator,121.2,0.48
2025-02-17,09:16,Refrigerator,158.2,0.49
2025-02-17,09:25,Laptop,74.5,2.54
2025-02-17,09:45,Refrigerator,155.8,0.48
2025-02-17,09:58,Laptop,63.3,3.77
2025-02-17,10:34,Refrigerator,170.0,0.55
2025-02-17,11:14,Laptop,64.3,4.47
2025-02-17,11:53,Refrigerator,168.3,0.41
2025-02-17,13:22,Microwave,1084.9,0.19
2025-02-17,13:34,Refrigerator,139.8,0.49
2025-02-17,13:39,Microwave,989.7,0.05
2025-02-17,18:10,Lights,40.2,2.19
2025-02-17,18:55,Television,124.9,0.18
2025-02-17,19:46,Lights,44.4,1.48
2025-02-17,19:54,Refrigerator,164.3,0.57
2025-02-17,20:19,Refrigerator,162.3,0.62
2025-02-17,21:09,Refrigerator,131.5,0.51
2025-02-17,21:49,Lights,44.5,2.1
2025-02-17,21:53,Refrigerator,133.8,0.52
2025-02-17,21:55,Refrigerator,173.0,0.56
2025-02-17,21:59,Lights,32.9,2.03
2025-02-17,22:44,Refrigerator,148.0,0.46
2025-02-17,23:54,Refrigerator,169.3,0.62
2025-02-18,00:16,Refrigerator,158.8,0.41
2025-02-18,01:54,Refrigerator,171.0,0.47
2025-02-18,02:29,Refrigerator,148.8,0.61
2025-02-18,02:43,Refrigerator,134.1,0.53
2025-02-18,03:46,Refrigerator,145.2,0.35
2025-02-18,04:09,Refrigerator,139.0,0.63
2025-02-18,06:19,Water Heater,1564.6,0.5
2025-02-18,06:39,Water Heater,2426.1,0.45
2025-02-18,07:26,Microwave,739.6,0.11
2025-02-18,07:29,Lights,51.9,1.51
2025-02-18,08:28,Refrigerator,183.7,0.45
2025-02-18,08:53,Refrigerator,164.9,0.48
2025-02-18,09:42,Refrigerator,151.2,0.37
2025-02-18,10:12,Refrigerator,102.5,0.56
2025-02-18,10:39,Laptop,60.3,2.27
2025-02-18,11:05,Refrigerator,155.7,0.42
2025-02-18,12:39,Microwave,934.7,0.16
2025-02-18,12:42,Refrigerator,133.2,0.54
2025-02-18,13:02,Microwave,707.5,0.16
2025-02-18,15:20,Air Conditioner,1750.4,2.59
2025-02-18,15:26,Refrigerator,133.1,0.42
2025-02-18,15:40,Laptop,66.7,2.32
2025-02-18,15:55,Refrigerator,118.0,0.55
2025-02-18,16:42,Refrigerator,160.5,0.49
2025-02-18,16:58,Refrigerator,156.1,0.61
2025-02-18,17:03,Refrigerator,133.9,0.57
2025-02-18,17:18,Refrigerator,139.9,0.44
2025-02-18,17:25,Refrigerator,133.6,0.63
2025-02-18,17:44,Refrigerator,158.1,0.34
2025-02-18,18:00,Refrigerator,123.1,0.34
2025-02-18,19:26,Air Conditioner,1391.2,1.94
2025-02-18,20:19,Lights,46.8,1.43
2025-02-18,20:29,Refrigerator,112.7,0.6
2025-02-18,20:47,Television,127.3,1.71
2025-02-18,21:17,Refrigerator,123.8,0.52
2025-02-18,22:40,Lights,37.5,2.57
2025-02-18,23:47,Electric Fan,79.6,4.46
2025-02-18,23:50,Refrigerator,113.5,0.42
2025-02-19,00:13,Refrigerator,151.1,0.79
2025-02-19,01:29,Refrigerator,160.8,0.48
2025-02-19,01:58,Refrigerator,162.8,0.39
2025-02-19,03:16,Refrigerator,171.6,0.6
2025-02-19,03:17,Refrigerator,155.1,0.47
2025-02-19,03:43,Refrigerator,163.9,0.46
2025-02-19,04:53,Refrigerator,135.4,0.37
2025-02-19,05:00,Refrigerator,141.6,0.59
2025-02-19,05:32,Refrigerator,170.2,0.48
2025-02-19,05:48,Refrigerator,189.9,0.81
2025-02-19,05:56,Refrigerator,195.8,0.69
2025-02-19,06:09,Water Heater,2121.5,0.5
2025-02-19,07:12,Refrigerator,153.7,0.52
2025-02-19,07:28,Lights,61.6,1.51
2025-02-19,07:48,Microwave,889.2,0.05
2025-02-19,08:16,Refrigerator,163.0,0.35
2025-02-19,08:42,Microwave,881.4,0.12
2025-02-19,08:59,Microwave,1187.2,0.12
2025-02-19,11:09,Laptop,74.6,4.95
2025-02-19,11:19,Laptop,53.7,3.11
2025-02-19,12:02,Microwave,991.7,0.05
2025-02-19,12:19,Refrigerator,172.3,0.64
2025-02-19,13:22,Refrigerator,180.4,0.45
2025-02-19,13:35,Electric Fan,73.4,3.76
2025-02-19,15:33,Laptop,51.2,2.1
2025-02-19,15:46,Refrigerator,182.7,0.29
2025-02-19,16:02,Refrigerator,175.8,0.16
2025-02-19,17:47,Refrigerator,174.8,0.38
2025-02-19,17:53,Iron,1172.8,0.44
2025-02-19,18:21,Lights,46.0,2.65
2025-02-19,18:50,Refrigerator,151.4,0.44
2025-02-19,18:56,Refrigerator,137.0,0.58
2025-02-19,19:46,Refrigerator,169.4,0.58
2025-02-19,20:00,Refrigerator,146.4,0.31
2025-02-19,20:02,Refrigerator,156.2,0.46
2025-02-19,20:10,Refrigerator,142.7,0.37
2025-02-19,20:41,Air Conditioner,1545.7,1.84
2025-02-19,21:24,Lights,41.4,1.75
2025-02-19,21:40,Lights,23.5,2.08
2025-02-19,21:40,Television,101.2,2.71
2025-02-19,23:47,Electric Fan,89.6,2.97
2025-02-19,23:54,Refrigerator,174.2,0.53
2025-02-20,00:10,Refrigerator,115.6,0.63
2025-02-20,00:53,Refrigerator,141.6,0.64
2025-02-20,02:09,Refrigerator,116.5,0.51
2025-02-20,03:11,Refrigerator,152.0,0.33
2025-02-20,03:49,Refrigerator,160.8,0.52
2025-02-20,03:58,Refrigerator,168.3,0.43
2025-02-20,05:49,Refrigerator,164.7,0.48
2025-02-20,06:06,Lights,42.9,1.79
2025-02-20,06:33,Lights,39.6,2.97
2025-02-20,06:48,Refrigerator,130.5,0.31
2025-02-20,07:41,Microwave,858.2,0.13
2025-02-20,08:05,Refrigerator,138.1,0.61
2025-02-20,08:46,Microwave,978.3,0.08
2025-02-20,08:53,Refrigerator,155.7,0.52
2025-02-20,09:46,Laptop,60.4,3.54
2025-02-20,10:53,Refrigerator,169.6,0.4
2025-02-20,10:58,Refrigerator,137.9,0.67
2025-02-20,11:09,Laptop,63.7,4.49
2025-02-20,11:22,Refrigerator,102.7,0.39
2025-02-20,12:03,Refrigerator,116.7,0.66
2025-02-20,13:07,Refrigerator,146.3,0.44
2025-02-20,14:41,Air Conditioner,1195.1,1.73
2025-02-20,16:08,Air Conditioner,1559.4,2.71
2025-02-20,16:20,Refrigerator,140.5,0.6
2025-02-20,16:41,Refrigerator,132.0,0.42
2025-02-20,17:33,Refrigerator,180.0,0.5
2025-02-20,18:29,Television,139.3,1.78
2025-02-20,18:46,Water Heater,1171.7,0.46
2025-02-20,19:18,Refrigerator,143.4,0.44
2025-02-20,19:23,Refrigerator,136.6,0.6
2025-02-20,20:18,Microwave,1119.9,0.06
2025-02-20,20:28,Lights,43.5,1.98
2025-02-20,20:47,Refrigerator,179.8,0.51
2025-02-20,20:49,Refrigerator,152.7,0.52
2025-02-20,20:49,Lights,45.3,1.02
2025-02-20,22:00,Electric Fan,82.2,2.95
2025-02-20,22:05,Television,128.2,1.46
2025-02-20,22:09,Refrigerator,144.6,0.59
2025-02-20,22:24,Refrigerator,123.0,0.37
2025-02-20,22:31,Refrigerator,161.4,0.62
2025-02-20,22:52,Electric Fan,67.4,3.73
2025-02-21,01:55,Refrigerator,135.3,0.51
2025-02-21,02:36,Refrigerator,163.4,0.41
2025-02-21,02:53,Refrigerator,164.1,0.65
2025-02-21,03:41,Refrigerator,187.3,0.61
2025-02-21,05:37,Water Heater,2656.4,0.55
2025-02-21,06:27,Refrigerator,153.0,0.49
2025-02-21,06:53,Lights,64.5,1.41
2025-02-21,07:08,Refrigerator,177.9,0.54
2025-02-21,07:21,Refrigerator,123.2,0.49
2025-02-21,07:29,Water Heater,2048.0,0.35
2025-02-21,07:35,Refrigerator,153.1,0.62
2025-02-21,07:44,Refrigerator,142.6,0.36
2025-02-21,09:11,Refrigerator,186.2,0.48
2025-02-21,10:31,Refrigerator,145.8,0.71
2025-02-21,10:52,Refrigerator,185.2,0.39
2025-02-21,11:09,Refrigerator,122.6,0.5
2025-02-21,12:38,Refrigerator,172.5,0.58
2025-02-21,13:32,Microwave,954.0,0.1
2025-02-21,14:34,Electric Fan,63.9,2.87
2025-02-21,14:55,Air Conditioner,1615.4,2.32
2025-02-21,15:59,Laptop,64.9,3.1
2025-02-21,16:15,Refrigerator,160.8,0.64
2025-02-21,16:25,Refrigerator,131.8,0.65
2025-02-21,16:31,Electric Fan,88.3,3.04
2025-02-21,16:44,Refrigerator,165.7,0.21
2025-02-21,17:50,Refrigerator,132.1,0.43
2025-02-21,18:01,Refrigerator,141.7,0.25
2025-02-21,18:29,Lights,50.8,1.34
2025-02-21,19:14,Microwave,984.3,0.17
2025-02-21,19:15,Air Conditioner,1825.1,2.22
2025-02-21,20:12,Lights,52.1,1.7
2025-02-21,20:23,Microwave,1026.0,0.07
2025-02-21,20:24,Laptop,57.4,3.67
2025-02-21,20:37,Lights,42.3,1.81
2025-02-21,21:14,Refrigerator,148.7,0.44
2025-02-21,21:15,Refrigerator,137.4,0.4
2025-02-21,21:40,Refrigerator,170.9,0.81
2025-02-21,22:03,Refrigerator,185.2,0.47
2025-02-21,22:26,Television,145.8,0.78
2025-02-22,01:35,Refrigerator,153.4,0.47
2025-02-22,03:00,Refrigerator,161.3,0.41
2025-02-22,04:58,Refrigerator,99.7,0.36
2025-02-22,05:23,Refrigerator,116.0,0.45
2025-02-22,05:24,Refrigerator,163.1,0.5
2025-02-22,06:15,Refrigerator,162.6,0.42
2025-02-22,07:00,Microwave,811.4,0.08
2025-02-22,07:10,Refrigerator,125.9,0.4
2025-02-22,07:12,Lights,39.5,2.85
2025-02-22,07:21,Microwave,1054.2,0.18
2025-02-22,07:25,Refrigerator,153.9,0.42
2025-02-22,07:54,Microwave,988.3,0.07
2025-02-22,08:58,Refrigerator,170.2,0.63
2025-02-22,09:21,Refrigerator,158.1,0.4
2025-02-22,09:42,Refrigerator,183.0,0.69
2025-02-22,11:39,Refrigerator,130.4,0.81
2025-02-22,11:39,Refrigerator,182.6,0.58
2025-02-22,11:48,Refrigerator,164.6,0.53
2025-02-22,11:57,Refrigerator,146.5,0.35
2025-02-22,12:12,Refrigerator,173.7,0.53
2025-02-22,12:43,Microwave,990.5,0.05
2025-02-22,13:19,Refrigerator,133.6,0.31
2025-02-22,13:49,Refrigerator,181.1,0.59
2025-02-22,13:59,Electric Fan,62.4,5.22
2025-02-22,16:59,Electric Fan,73.4,0.9
2025-02-22,17:03,Refrigerator,147.6,0.61
2025-02-22,17:26,Refrigerator,128.8,0.65
2025-02-22,17:28,Air Conditioner,1205.0,2.22
2025-02-22,18:45,Refrigerator,136.7,0.48
2025-02-22,18:47,Lights,23.0,1.54
2025-02-22,18:48,Water Heater,1593.7,0.4
2025-02-22,18:58,Iron,1121.7,0.28
2025-02-22,19:30,Television,125.7,2.46
2025-02-22,19:37,Lights,35.8,2.52
2025-02-22,19:54,Refrigerator,156.6,0.58
2025-02-22,19:58,Lights,35.1,2.17
2025-02-22,21:12,Laptop,40.7,1.82
2025-02-22,21:41,Laptop,66.8,3.39
2025-02-22,21:49,Refrigerator,169.1,0.55
2025-02-22,22:10,Refrigerator,150.0,0.37
2025-02-22,22:23,Refrigerator,120.3,0.36
2025-02-22,22:37,Television,84.3,1.44
2025-02-22,22:56,Refrigerator,173.8,0.49
2025-02-22,23:08,Refrigerator,155.1,0.58
2025-02-23,00:31,Refrigerator,172.6,0.52
2025-02-23,02:10,Refrigerator,118.9,0.47
2025-02-23,03:12,Refrigerator,177.0,0.67
2025-02-23,03:32,Refrigerator,122.4,0.52
2025-02-23,04:51,Refrigerator,128.0,0.57
2025-02-23,05:36,Refrigerator,141.4,0.66
2025-02-23,06:12,Refrigerator,139.5,0.64
2025-02-23,06:39,Water Heater,1965.1,0.52
2025-02-23,07:07,Refrigerator,154.5,0.55
2025-02-23,07:17,Lights,40.2,2.11
2025-02-23,07:22,Refrigerator,146.0,0.56
2025-02-23,07:40,Microwave,918.6,0.05
2025-02-23,07:40,Refrigerator,137.7,0.34
2025-02-23,08:18,Iron,1005.1,0.85
2025-02-23,10:39,Refrigerator,188.2,0.59
2025-02-23,11:48,Refrigerator,160.4,0.66
2025-02-23,13:31,Refrigerator,139.4,0.62
2025-02-23,13:57,Microwave,1194.3,0.08
2025-02-23,14:08,Refrigerator,180.7,0.48
2025-02-23,14:08,Electric Fan,58.7,3.82
2025-02-23,14:11,Refrigerator,138.6,0.53
2025-02-23,14:58,Refrigerator,164.8,0.6
2025-02-23,15:54,Refrigerator,125.6,0.57
2025-02-23,16:19,Refrigerator,123.6,0.44
2025-02-23,17:02,Air Conditioner,1332.5,2.85
2025-02-23,17:12,Refrigerator,172.6,0.58
2025-02-23,19:07,Lights,39.2,2.35
2025-02-23,19:08,Refrigerator,144.3,0.53
2025-02-23,19:30,Lights,40.9,0.5
2025-02-23,19:31,Air Conditioner,1413.9,1.62
2025-02-23,20:22,Refrigerator,121.5,0.58
2025-02-23,20:39,Laptop,68.8,3.85
2025-02-23,20:57,Refrigerator,200.6,0.56
2025-02-23,21:01,Television,139.7,3.11
2025-02-23,21:03,Television,153.2,2.54
2025-02-23,21:43,Lights,35.0,1.68
2025-02-23,22:01,Refrigerator,151.6,0.66
2025-02-23,23:57,Refrigerator,152.8,0.56
2025-02-24,00:51,Refrigerator,148.7,0.31
2025-02-24,02:21,Refrigerator,187.9,0.52
2025-02-24,05:34,Refrigerator,138.9,0.37
2025-02-24,06:25,Refrigerator,163.6,0.58
2025-02-24,07:12,Water Heater,1439.1,0.46
2025-02-24,07:36,Refrigerator,121.7,0.57
2025-02-24,07:49,Refrigerator,163.3,0.51
2025-02-24,07:54,Refrigerator,166.3,0.43
2025-02-24,07:59,Water Heater,2100.8,0.7
2025-02-24,08:03,Microwave,1172.3,0.12
2025-02-24,09:53,Refrigerator,155.5,0.54
2025-02-24,10:47,Refrigerator,131.8,0.52
2025-02-24,12:37,Refrigerator,180.3,0.56
2025-02-24,12:52,Refrigerator,129.4,0.49
2025-02-24,13:51,Refrigerator,165.5,0.64
2025-02-24,14:16,Refrigerator,128.4,0.44
2025-02-24,14:33,Refrigerator,141.7,0.69
2025-02-24,14:34,Laptop,53.7,4.16
2025-02-24,14:34,Laptop,61.6,2.78
2025-02-24,16:37,Refrigerator,119.6,0.22
2025-02-24,16:51,Refrigerator,157.1,0.44
2025-02-24,17:11,Air Conditioner,1452.7,2.28
2025-02-24,18:29,Refrigerator,142.7,0.55
2025-02-24,19:02,Air Conditioner,1378.3,1.83
2025-02-24,19:06,Microwave,903.7,0.09
2025-02-24,19:15,Lights,39.1,1.74
2025-02-24,20:16,Lights,56.0,1.82
2025-02-24,20:47,Air Conditioner,1618.8,1.84
2025-02-24,21:05,Television,109.7,2.36
2025-02-24,21:27,Refrigerator,148.7,0.55
2025-02-24,21:37,Refrigerator,152.8,0.52
2025-02-24,21:57,Lights,22.4,2.15
2025-02-24,22:46,Lights,44.7,1.12
2025-02-24,23:56,Refrigerator,117.9,0.38
2025-02-25,01:11,Refrigerator,142.2,0.36
2025-02-25,01:44,Refrigerator,115.0,0.7
2025-02-25,03:38,Refrigerator,198.6,0.63
2025-02-25,05:31,Refrigerator,118.6,0.46
2025-02-25,06:06,Water Heater,1996.7,0.43
2025-02-25,07:06,Refrigerator,150.8,0.39
2025-02-25,07:17,Lights,41.3,1.81
2025-02-25,07:59,Refrigerator,174.2,0.47
2025-02-25,08:08,Refrigerator,158.9,0.38
2025-02-25,08:20,Microwave,1060.8,0.14
2025-02-25,08:36,Refrigerator,147.1,0.52
2025-02-25,09:02,Refrigerator,103.2,0.36
2025-02-25,09:13,Refrigerator,168.9,0.61
2025-02-25,10:04,Laptop,57.6,3.31
2025-02-25,10:10,Refrigerator,128.4,0.41
2025-02-25,10:16,Refrigerator,128.7,0.62
2025-02-25,10:44,Refrigerator,155.1,0.46
2025-02-25,13:46,Microwave,876.3,0.11
2025-02-25,14:04,Refrigerator,159.0,0.31
2025-02-25,14:38,Air Conditioner,1503.7,2.78
2025-02-25,14:47,Refrigerator,130.6,0.64
2025-02-25,14:58,Electric Fan,56.7,1.46
2025-02-25,15:05,Refrigerator,136.2,0.6
2025-02-25,16:23,Electric Fan,56.2,4.14
2025-02-25,16:29,Air Conditioner,1300.8,2.66
2025-02-25,16:40,Refrigerator,159.0,0.46
2025-02-25,17:50,Air Conditioner,1448.8,1.29
2025-02-25,18:17,Refrigerator,158.7,0.57
2025-02-25,18:20,Water Heater,1567.4,0.59
2025-02-25,18:22,Lights,33.8,2.37
2025-02-25,18:36,Lights,42.5,0.52
2025-02-25,18:52,Air Conditioner,1826.4,3.8
2025-02-25,20:35,Laptop,58.3,2.01
2025-02-25,21:28,Lights,27.1,1.38
2025-02-25,21:47,Refrigerator,133.3,0.72
2025-02-25,22:30,Electric Fan,68.0,2.72
2025-02-25,22:35,Lights,48.6,2.17
2025-02-25,22:40,Refrigerator,138.4,0.48
2025-02-25,22:56,Lights,41.4,1.44
2025-02-25,23:05,Refrigerator,128.6,0.48
2025-02-25,23:58,Refrigerator,175.0,0.52
2025-02-26,00:12,Refrigerator,174.8,0.63
2025-02-26,01:11,Refrigerator,141.6,0.3
2025-02-26,01:48,Refrigerator,164.7,0.68
2025-02-26,03:19,Refrigerator,147.7,0.53
2025-02-26,03:21,Refrigerator,188.0,0.52
2025-02-26,03:23,Refrigerator,195.9,0.49
2025-02-26,03:55,Refrigerator,162.8,0.61
2025-02-26,04:44,Refrigerator,155.8,0.58
2025-02-26,06:30,Refrigerator,151.7,0.48
2025-02-26,07:25,Lights,39.5,1.51
2025-02-26,08:09,Refrigerator,146.3,0.47
2025-02-26,11:02,Refrigerator,168.0,0.67
2025-02-26,11:04,Laptop,50.6,4.73
2025-02-26,11:21,Refrigerator,158.8,0.43
2025-02-26,12:58,Refrigerator,134.0,0.46
2025-02-26,13:01,Refrigerator,182.4,0.7
2025-02-26,13:14,Refrigerator,161.7,0.31
2025-02-26,13:53,Refrigerator,152.5,0.59
2025-02-26,14:36,Refrigerator,126.7,0.56
2025-02-26,15:06,Air Conditioner,1364.6,2.97
2025-02-26,15:19,Laptop,67.0,3.53
2025-02-26,16:40,Refrigerator,148.3,0.18
2025-02-26,16:44,Refrigerator,154.0,0.48
2025-02-26,17:18,Air Conditioner,1420.8,3.22
2025-02-26,18:12,Lights,31.5,2.04
2025-02-26,18:43,Water Heater,1990.5,0.53
2025-02-26,19:19,Microwave,884.7,0.16
2025-02-26,19:37,Refrigerator,163.7,0.49
2025-02-26,19:38,Refrigerator,128.6,0.69
2025-02-26,19:49,Refrigerator,144.3,0.29
2025-02-26,19:52,Television,126.8,1.35
2025-02-26,20:12,Lights,60.9,1.49
2025-02-26,20:19,Television,121.8,3.02
2025-02-26,20:20,Air Conditioner,1608.6,1.74
2025-02-26,21:01,Refrigerator,118.8,0.65
2025-02-26,21:18,Lights,47.5,2.72
2025-02-26,21:42,Lights,37.0,1.88
2025-02-26,23:10,Electric Fan,97.8,4.1
2025-02-26,23:20,Refrigerator,116.6,0.61
2025-02-26,23:33,Electric Fan,79.8,4.97
2025-02-27,03:29,Refrigerator,149.1,0.42
2025-02-27,03:36,Refrigerator,160.1,0.65
2025-02-27,03:42,Refrigerator,130.2,0.57
2025-02-27,05:41,Refrigerator,180.3,0.65
2025-02-27,06:29,Refrigerator,134.6,0.47
2025-02-27,06:45,Refrigerator,130.4,0.35
2025-02-27,06:54,Lights,24.8,2.87
2025-02-27,07:14,Lights,44.3,1.68
2025-02-27,07:23,Refrigerator,153.7,0.64
2025-02-27,08:09,Refrigerator,198.9,0.45
2025-02-27,08:22,Refrigerator,136.9,0.6
2025-02-27,09:06,Refrigerator,158.0,0.51
2025-02-27,10:03,Laptop,64.2,4.14
2025-02-27,10:26,Refrigerator,128.2,0.53
2025-02-27,10:46,Refrigerator,171.3,0.45
2025-02-27,11:11,Refrigerator,159.8,0.56
2025-02-27,11:25,Refrigerator,136.0,0.62
2025-02-27,11:52,Refrigerator,146.0,0.51
2025-02-27,12:06,Microwave,976.6,0.14
2025-02-27,12:14,Refrigerator,156.2,0.5
2025-02-27,14:19,Electric Fan,80.8,2.77
2025-02-27,15:27,Air Conditioner,1284.1,3.77
2025-02-27,15:34,Refrigerator,145.6,0.39
2025-02-27,15:56,Refrigerator,162.5,0.52
2025-02-27,16:02,Refrigerator,108.7,0.43
2025-02-27,16:46,Electric Fan,60.5,2.66
2025-02-27,17:37,Refrigerator,142.0,0.57
2025-02-27,18:32,Refrigerator,125.0,0.5
2025-02-27,18:52,Refrigerator,184.5,0.52
2025-02-27,18:54,Lights,35.9,1.99
2025-02-27,19:11,Water Heater,1823.0,0.58
2025-02-27,19:18,Washing Machine,421.0,1.53
2025-02-27,19:29,Water Heater,1933.3,0.7
2025-02-27,19:57,Microwave,939.3,0.1
2025-02-27,20:01,Laptop,54.4,3.44
2025-02-27,20:06,Refrigerator,126.6,0.62
2025-02-27,20:31,Lights,41.6,2.62
2025-02-27,21:31,Lights,45.0,2.28
2025-02-27,21:38,Television,98.6,1.56
2025-02-27,21:51,Refrigerator,130.6,0.28
2025-02-27,22:13,Lights,37.0,1.41
2025-02-27,23:06,Refrigerator,139.6,0.72
2025-02-28,00:09,Refrigerator,140.9,0.48
2025-02-28,00:18,Refrigerator,134.8,0.5
2025-02-28,02:39,Refrigerator,105.8,0.61
2025-02-28,06:15,Lights,52.5,2.2
2025-02-28,06:22,Refrigerator,128.7,0.43
2025-02-28,06:41,Lights,34.3,1.6
2025-02-28,06:47,Lights,45.6,1.59
2025-02-28,06:49,Refrigerator,150.9,0.49
2025-02-28,07:31,Refrigerator,152.2,0.55
2025-02-28,08:52,Refrigerator,177.5,0.53
2025-02-28,10:17,Refrigerator,126.4,0.53
2025-02-28,10:18,Refrigerator,150.9,0.51
2025-02-28,10:42,Refrigerator,113.4,0.39
2025-02-28,11:00,Laptop,56.7,3.23
2025-02-28,11:23,Refrigerator,119.5,0.33
2025-02-28,11:24,Refrigerator,117.2,0.51
2025-02-28,12:04,Refrigerator,162.4,0.6
2025-02-28,12:54,Microwave,932.8,0.11
2025-02-28,13:07,Refrigerator,177.4,0.38
2025-02-28,13:44,Electric Fan,89.8,2.89
2025-02-28,14:12,Refrigerator,132.1,0.37
2025-02-28,14:59,Electric Fan,84.5,1.41
2025-02-28,15:23,Refrigerator,131.5,0.34
2025-02-28,16:36,Refrigerator,134.1,0.54
2025-02-28,17:11,Refrigerator,138.9,0.66
2025-02-28,17:12,Refrigerator,144.7,0.45
2025-02-28,18:02,Air Conditioner,1414.1,2.63
2025-02-28,18:24,Lights,43.2,2.1
2025-02-28,18:52,Air Conditioner,1704.7,4.18
2025-02-28,18:55,Refrigerator,144.0,0.24
2025-02-28,19:27,Water Heater,2104.0,0.75
2025-02-28,19:39,Lights,31.8,1.47
2025-02-28,19:48,Water Heater,1880.6,0.44
2025-02-28,20:05,Microwave,1006.4,0.08
2025-02-28,20:44,Lights,24.4,2.93
2025-02-28,22:21,Refrigerator,160.0,0.45
2025-02-28,22:42,Refrigerator,172.1,0.59
2025-02-28,22:44,Refrigerator,166.3,0.5
2025-02-28,22:59,Refrigerator,130.7,0.66
2025-02-28,23:50,Refrigerator,139.3,0.57
2025-03-01,01:24,Refrigerator,160.6,0.66
2025-03-01,01:27,Refrigerator,157.5,0.53
2025-03-01,05:23,Refrigerator,142.1,0.48
2025-03-01,06:20,Refrigerator,146.4,0.54
2025-03-01,07:02,Water Heater,1938.9,0.68
2025-03-01,07:50,Refrigerator,133.8,0.39
2025-03-01,07:59,Microwave,942.8,0.12
2025-03-01,08:44,Refrigerator,170.6,0.59
2025-03-01,09:54,Refrigerator,110.4,0.5
2025-03-01,12:06,Refrigerator,158.2,0.56
2025-03-01,12:47,Microwave,1037.9,0.12
2025-03-01,13:23,Refrigerator,134.9,0.42
2025-03-01,13:46,Microwave,1121.8,0.15
2025-03-01,13:48,Refrigerator,174.8,0.64
2025-03-01,13:50,Refrigerator,147.4,0.53
2025-03-01,14:15,Refrigerator,159.3,0.54
2025-03-01,14:16,Electric Fan,68.6,4.08
2025-03-01,14:24,Refrigerator,172.4,0.43
2025-03-01,14:54,Laptop,61.9,2.08
2025-03-01,15:28,Air Conditioner,1650.8,1.72
2025-03-01,16:47,Air Conditioner,1701.4,2.19
2025-03-01,17:10,Refrigerator,175.8,0.58
2025-03-01,17:19,Refrigerator,130.3,0.47
2025-03-01,17:55,Air Conditioner,1288.3,2.51
2025-03-01,18:04,Refrigerator,165.2,0.61
2025-03-01,18:21,Refrigerator,119.1,0.44
2025-03-01,18:22,Water Heater,2101.7,0.47
2025-03-01,18:48,Refrigerator,149.5,0.43
2025-03-01,19:18,Refrigerator,142.5,0.57
2025-03-01,19:47,Refrigerator,166.3,0.46
2025-03-01,19:52,Air Conditioner,1468.1,1.05
2025-03-01,20:31,Lights,41.9,1.16
2025-03-01,20:33,Lights,38.6,1.37
2025-03-01,21:14,Laptop,57.8,3.07
2025-03-01,21:36,Television,124.2,3.99
2025-03-01,21:55,Refrigerator,153.6,0.56
2025-03-01,22:12,Lights,50.0,1.64
2025-03-01,22:30,Lights,37.8,1.51
2025-03-01,23:38,Refrigerator,164.6,0.56
2025-03-02,00:00,Refrigerator,150.7,0.4
2025-03-02,01:03,Refrigerator,109.6,0.51
2025-03-02,03:02,Refrigerator,138.3,0.6
2025-03-02,03:45,Refrigerator,170.5,0.47
2025-03-02,05:07,Refrigerator,128.7,0.42
2025-03-02,05:16,Refrigerator,149.9,0.5
2025-03-02,06:22,Lights,49.0,2.53
2025-03-02,06:39,Refrigerator,168.2,0.43
2025-03-02,06:41,Refrigerator,156.2,0.54
2025-03-02,07:00,Water Heater,2175.8,0.46
2025-03-02,07:32,Lights,42.8,2.43
2025-03-02,07:34,Lights,28.2,2.24
2025-03-02,08:04,Refrigerator,163.9,0.79
2025-03-02,08:09,Microwave,976.5,0.05
2025-03-02,08:41,Refrigerator,147.0,0.47
2025-03-02,09:19,Laptop,70.2,2.21
2025-03-02,09:40,Refrigerator,155.7,0.52
2025-03-02,10:05,Laptop,63.4,2.37
2025-03-02,13:32,Refrigerator,156.4,0.52
2025-03-02,13:55,Refrigerator,156.3,0.41
2025-03-02,15:33,Refrigerator,147.9,0.45
2025-03-02,16:37,Refrigerator,131.6,0.45
2025-03-02,16:42,Refrigerator,116.9,0.47
2025-03-02,17:26,Refrigerator,178.6,0.35
2025-03-02,17:53,Refrigerator,136.2,0.3
2025-03-02,18:05,Refrigerator,170.0,0.45
2025-03-02,18:56,Refrigerator,159.7,0.45
2025-03-02,18:58,Water Heater,2471.0,0.51
2025-03-02,19:15,Refrigerator,172.3,0.31
2025-03-02,19:45,Television,102.2,3.71
2025-03-02,20:21,Refrigerator,160.2,0.45
2025-03-02,20:25,Refrigerator,121.6,0.45
2025-03-02,21:10,Refrigerator,149.7,0.59
2025-03-02,21:21,Refrigerator,161.0,0.57
2025-03-02,21:50,Refrigerator,150.7,0.45
2025-03-02,22:26,Lights,36.0,2.13
2025-03-02,22:37,Lights,53.1,1.72
2025-03-02,22:59,Refrigerator,113.4,0.38
2025-03-02,23:46,Refrigerator,144.1,0.37
2025-03-03,02:01,Refrigerator,152.1,0.58
2025-03-03,02:42,Refrigerator,160.1,0.55
2025-03-03,03:49,Refrigerator,143.4,0.58
2025-03-03,04:47,Refrigerator,137.9,0.36
2025-03-03,04:54,Refrigerator,156.0,0.52
2025-03-03,05:15,Refrigerator,192.0,0.47
2025-03-03,05:25,Water Heater,1977.1,0.47
2025-03-03,06:25,Refrigerator,174.8,0.54
2025-03-03,07:11,Microwave,1004.2,0.13
2025-03-03,07:51,Refrigerator,159.1,0.63
2025-03-03,08:03,Refrigerator,156.4,0.67
2025-03-03,08:12,Refrigerator,145.2,0.33
2025-03-03,08:31,Refrigerator,171.8,0.45
2025-03-03,09:50,Refrigerator,173.7,0.67
2025-03-03,10:19,Laptop,56.9,4.91
2025-03-03,11:32,Refrigerator,114.1,0.43
2025-03-03,12:23,Refrigerator,141.0,0.42
2025-03-03,13:27,Refrigerator,172.2,0.54
2025-03-03,13:45,Refrigerator,138.7,0.51
2025-03-03,15:14,Electric Fan,79.3,1.79
2025-03-03,15:15,Refrigerator,182.3,0.47
2025-03-03,15:22,Laptop,59.0,1.99
2025-03-03,16:23,Refrigerator,128.8,0.5
2025-03-03,16:28,Refrigerator,157.6,0.49
2025-03-03,16:32,Refrigerator,137.7,0.43
2025-03-03,16:45,Refrigerator,106.0,0.27
2025-03-03,17:41,Refrigerator,128.1,0.35
2025-03-03,18:53,Lights,23.5,2.75
2025-03-03,19:10,Television,100.7,2.98
2025-03-03,19:13,Lights,21.4,2.43
2025-03-03,19:27,Microwave,937.2,0.09
2025-03-03,19:55,Refrigerator,169.0,0.52
2025-03-03,20:23,Microwave,1114.3,0.16
2025-03-03,20:45,Lights,36.5,1.61
2025-03-03,21:00,Refrigerator,147.5,0.44
2025-03-03,22:28,Refrigerator,180.9,0.74
2025-03-03,22:31,Lights,35.9,2.46
2025-03-03,22:36,Electric Fan,72.5,3.16
2025-03-03,22:59,Refrigerator,142.7,0.48
2025-03-04,00:20,Refrigerator,141.7,0.47
2025-03-04,03:17,Refrigerator,157.1,0.52
2025-03-04,04:33,Refrigerator,170.0,0.53
2025-03-04,05:37,Refrigerator,149.4,0.45
2025-03-04,05:46,Water Heater,2043.8,0.32
2025-03-04,06:23,Refrigerator,180.0,0.49
2025-03-04,06:52,Lights,48.8,1.77
2025-03-04,07:25,Lights,29.8,2.1
2025-03-04,07:35,Refrigerator,147.5,0.42
2025-03-04,08:01,Refrigerator,108.8,0.54
2025-03-04,09:31,Refrigerator,149.5,0.54
2025-03-04,09:57,Refrigerator,152.6,0.48
2025-03-04,11:09,Refrigerator,182.9,0.54
2025-03-04,11:43,Laptop,60.3,2.9
2025-03-04,12:33,Refrigerator,179.2,0.35
2025-03-04,13:47,Refrigerator,116.2,0.45
2025-03-04,16:09,Refrigerator,124.5,0.54
2025-03-04,16:20,Electric Fan,60.4,1.76
2025-03-04,16:25,Electric Fan,69.6,1.38
2025-03-04,16:31,Electric Fan,72.1,3.91
2025-03-04,18:00,Refrigerator,190.3,0.63
2025-03-04,18:10,Refrigerator,177.3,0.66
2025-03-04,18:11,Television,139.1,2.7
2025-03-04,19:02,Microwave,1019.3,0.16
2025-03-04,19:07,Air Conditioner,1600.4,2.61
2025-03-04,19:09,Water Heater,2055.8,0.61
2025-03-04,19:23,Washing Machine,435.5,1.18
2025-03-04,19:25,Microwave,838.4,0.11
2025-03-04,19:31,Refrigerator,164.4,0.45
2025-03-04,19:43,Air Conditioner,1284.9,2.56
2025-03-04,20:04,Lights,46.1,1.57
2025-03-04,20:13,Air Conditioner,1548.1,3.22
2025-03-04,20:35,Refrigerator,161.1,0.45
2025-03-04,20:43,Refrigerator,161.0,0.48
2025-03-04,20:57,Television,137.2,1.35
2025-03-04,21:11,Lights,42.4,1.73
2025-03-04,21:59,Lights,35.4,2.21
2025-03-04,22:28,Refrigerator,157.6,0.68
2025-03-04,22:33,Refrigerator,121.2,0.31
2025-03-04,23:22,Refrigerator,108.7,0.5
2025-03-04,23:50,Refrigerator,197.8,0.54
2025-03-05,00:38,Refrigerator,134.2,0.53
2025-03-05,01:35,Refrigerator,178.9,0.63
2025-03-05,01:45,Refrigerator,145.4,0.37
2025-03-05,04:12,Refrigerator,173.9,0.66
2025-03-05,06:39,Lights,37.9,1.41
2025-03-05,06:44,Lights,41.1,1.69
2025-03-05,06:55,Refrigerator,163.4,0.52
2025-03-05,07:30,Lights,51.0,1.22
2025-03-05,07:38,Microwave,1127.9,0.13
2025-03-05,08:44,Refrigerator,133.9,0.4
2025-03-05,11:18,Laptop,58.7,3.4
2025-03-05,11:29,Refrigerator,134.7,0.5
2025-03-05,12:47,Refrigerator,188.7,0.39
2025-03-05,13:35,Refrigerator,169.7,0.43
2025-03-05,13:50,Microwave,893.4,0.1
2025-03-05,14:12,Refrigerator,147.4,0.61
2025-03-05,14:39,Refrigerator,153.0,0.3
2025-03-05,15:11,Refrigerator,134.8,0.4
2025-03-05,15:24,Air Conditioner,1587.4,0.45
2025-03-05,15:36,Refrigerator,151.4,0.25
2025-03-05,15:42,Laptop,62.6,1.29
2025-03-05,16:37,Refrigerator,162.7,0.34
2025-03-05,18:09,Refrigerator,132.7,0.34
2025-03-05,18:22,Air Conditioner,1461.5,2.39
2025-03-05,18:52,Water Heater,2137.9,0.48
2025-03-05,19:37,Lights,42.4,1.45
2025-03-05,19:53,Refrigerator,131.8,0.53
2025-03-05,20:03,Air Conditioner,1578.3,2.82
2025-03-05,20:17,Refrigerator,155.9,0.67
2025-03-05,21:44,Lights,31.4,1.44
2025-03-05,21:50,Refrigerator,129.9,0.33
2025-03-05,21:56,Lights,33.2,1.21
2025-03-05,22:01,Refrigerator,150.8,0.64
2025-03-05,22:15,Lights,40.1,2.28
2025-03-05,22:20,Refrigerator,169.8,0.48
2025-03-05,22:23,Refrigerator,106.6,0.45
2025-03-05,22:33,Refrigerator,138.2,0.64
2025-03-05,22:53,Refrigerator,137.0,0.51
2025-03-05,22:57,Television,118.8,3.45
2025-03-05,23:34,Refrigerator,185.9,0.58
2025-03-05,23:50,Electric Fan,69.6,2.2
2025-03-06,00:06,Refrigerator,148.1,0.3
2025-03-06,02:21,Refrigerator,138.0,0.61
2025-03-06,02:22,Refrigerator,118.7,0.38
2025-03-06,03:18,Refrigerator,156.5,0.32
2025-03-06,03:38,Refrigerator,148.8,0.55
2025-03-06,04:43,Refrigerator,138.0,0.4
2025-03-06,05:24,Refrigerator,149.9,0.62
2025-03-06,06:35,Refrigerator,148.2,0.41
2025-03-06,06:59,Refrigerator,174.3,0.5
2025-03-06,08:14,Refrigerator,148.8,0.48
2025-03-06,08:58,Refrigerator,137.0,0.54
2025-03-06,09:46,Refrigerator,144.1,0.47
2025-03-06,11:01,Refrigerator,189.0,0.53
2025-03-06,11:07,Refrigerator,182.6,0.56
2025-03-06,11:17,Refrigerator,175.7,0.44
2025-03-06,11:38,Refrigerator,123.6,0.29
2025-03-06,12:02,Microwave,1120.7,0.05
2025-03-06,13:04,Refrigerator,155.5,0.5
2025-03-06,13:34,Electric Fan,64.5,2.3
2025-03-06,15:41,Air Conditioner,1863.6,2.52
2025-03-06,16:18,Air Conditioner,1746.1,3.07
2025-03-06,16:38,Refrigerator,126.5,0.47
2025-03-06,17:58,Refrigerator,154.2,0.39
2025-03-06,18:06,Water Heater,2347.8,0.6
2025-03-06,18:20,Lights,42.9,1.97
2025-03-06,18:34,Lights,33.7,2.37
2025-03-06,18:34,Refrigerator,166.1,0.79
2025-03-06,18:58,Water Heater,2078.7,0.44
2025-03-06,19:00,Refrigerator,161.8,0.43
2025-03-06,19:50,Television,106.8,2.41
2025-03-06,20:05,Microwave,986.1,0.16
2025-03-06,20:31,Lights,30.3,2.35
2025-03-06,21:23,Laptop,61.3,2.25
2025-03-06,21:34,Lights,40.4,1.13
2025-03-06,22:47,Refrigerator,147.4,0.45
2025-03-06,23:12,Electric Fan,78.8,4.39
2025-03-06,23:28,Refrigerator,154.9,0.35
2025-03-07,00:21,Refrigerator,137.8,0.58
2025-03-07,01:21,Refrigerator,130.7,0.7
2025-03-07,01:52,Refrigerator,160.3,0.58
2025-03-07,02:55,Refrigerator,156.4,0.48
2025-03-07,05:22,Refrigerator,154.5,0.47
2025-03-07,05:34,Refrigerator,211.9,0.35
2025-03-07,06:26,Water Heater,2081.8,0.44
2025-03-07,07:00,Water Heater,2888.9,0.61
2025-03-07,07:53,Lights,40.1,2.86
2025-03-07,08:04,Microwave,988.4,0.16
2025-03-07,10:06,Refrigerator,153.7,0.37
2025-03-07,11:06,Refrigerator,141.8,0.32
2025-03-07,12:06,Refrigerator,158.1,0.48
2025-03-07,12:26,Refrigerator,144.2,0.35
2025-03-07,12:34,Refrigerator,108.7,0.47
2025-03-07,12:40,Refrigerator,158.3,0.48
2025-03-07,14:41,Refrigerator,144.4,0.48
2025-03-07,14:52,Refrigerator,143.9,0.4
2025-03-07,15:32,Air Conditioner,1999.8,1.45
2025-03-07,16:28,Refrigerator,181.9,0.5
2025-03-07,17:37,Refrigerator,112.1,0.5
2025-03-07,18:08,Refrigerator,145.2,0.38
2025-03-07,19:17,Television,128.4,2.11
2025-03-07,19:33,Refrigerator,141.2,0.49
2025-03-07,19:46,Air Conditioner,1460.4,3.41
2025-03-07,19:56,Refrigerator,148.5,0.44
2025-03-07,20:25,Laptop,37.8,4.12
2025-03-07,20:30,Microwave,861.0,0.15
2025-03-07,20:37,Television,104.7,0.91
2025-03-07,20:38,Refrigerator,158.5,0.61
2025-03-07,20:47,Laptop,60.4,2.65
2025-03-07,20:55,Lights,40.0,2.19
2025-03-07,21:43,Lights,38.3,1.77
2025-03-07,21:58,Lights,32.7,0.99
2025-03-07,22:37,Lights,45.5,2.34
2025-03-07,22:58,Lights,44.3,1.64
2025-03-08,00:22,Refrigerator,127.1,0.55
2025-03-08,01:10,Refrigerator,149.5,0.63
2025-03-08,01:11,Refrigerator,149.3,0.71
2025-03-08,03:19,Refrigerator,163.2,0.49
2025-03-08,03:40,Refrigerator,167.0,0.54
2025-03-08,03:42,Refrigerator,146.8,0.63
2025-03-08,04:52,Refrigerator,132.9,0.51
2025-03-08,05:17,Water Heater,2591.8,0.54
2025-03-08,06:48,Lights,39.0,1.97
2025-03-08,07:36,Microwave,1194.5,0.08
2025-03-08,07:42,Lights,41.3,1.94
2025-03-08,08:56,Iron,1083.2,0.54
2025-03-08,09:34,Refrigerator,163.3,0.42
2025-03-08,11:06,Refrigerator,145.7,0.53
2025-03-08,11:19,Laptop,56.5,2.1
2025-03-08,12:00,Refrigerator,134.5,0.49
2025-03-08,12:25,Refrigerator,143.2,0.5
2025-03-08,12:29,Refrigerator,162.6,0.44
2025-03-08,13:52,Refrigerator,126.9,0.37
2025-03-08,14:28,Electric Fan,83.7,1.83
2025-03-08,15:09,Air Conditioner,1520.0,1.48
2025-03-08,15:14,Refrigerator,159.8,0.37
2025-03-08,15:37,Refrigerator,151.9,0.44
2025-03-08,17:44,Air Conditioner,1567.0,3.42
2025-03-08,18:21,Refrigerator,183.7,0.47
2025-03-08,18:36,Lights,37.9,2.66
2025-03-08,18:53,Refrigerator,153.4,0.59
2025-03-08,20:01,Refrigerator,154.1,0.44
2025-03-08,20:06,Lights,31.1,2.08
2025-03-08,21:02,Refrigerator,117.3,0.59
2025-03-08,21:30,Television,95.2,1.82
2025-03-08,21:35,Refrigerator,177.2,0.46
2025-03-08,22:10,Refrigerator,161.0,0.37
2025-03-08,22:28,Refrigerator,128.9,0.56
2025-03-08,22:49,Electric Fan,72.7,2.04
2025-03-08,22:53,Television,149.3,1.79
2025-03-08,23:12,Refrigerator,173.8,0.68
2025-03-08,23:47,Refrigerator,140.5,0.49
2025-03-09,00:18,Refrigerator,142.7,0.56
2025-03-09,00:42,Refrigerator,136.4,0.21
2025-03-09,01:25,Refrigerator,157.6,0.4
2025-03-09,02:25,Refrigerator,169.3,0.54
2025-03-09,02:54,Refrigerator,158.1,0.41
2025-03-09,03:24,Refrigerator,160.7,0.53
2025-03-09,05:37,Water Heater,2211.9,0.46
2025-03-09,05:42,Refrigerator,167.6,0.48
2025-03-09,06:05,Refrigerator,116.1,0.57
2025-03-09,06:37,Water Heater,2238.3,0.65
2025-03-09,07:04,Refrigerator,135.2,0.49
2025-03-09,07:12,Microwave,868.0,0.09
2025-03-09,07:18,Refrigerator,126.6,0.73
2025-03-09,07:33,Refrigerator,178.8,0.45
2025-03-09,08:25,Refrigerator,120.8,0.32
2025-03-09,10:34,Laptop,64.0,2.14
2025-03-09,11:05,Laptop,60.4,4.33
2025-03-09,11:46,Refrigerator,149.9,0.58
2025-03-09,11:48,Refrigerator,130.5,0.58
2025-03-09,12:08,Microwave,967.7,0.05
2025-03-09,13:04,Refrigerator,185.5,0.45
2025-03-09,15:19,Air Conditioner,1387.3,1.95
2025-03-09,15:22,Refrigerator,126.9,0.46
2025-03-09,16:25,Refrigerator,180.1,0.56
2025-03-09,16:30,Electric Fan,65.5,1.73
2025-03-09,17:11,Refrigerator,137.0,0.56
2025-03-09,17:41,Refrigerator,166.7,0.58
2025-03-09,17:42,Refrigerator,132.5,0.61
2025-03-09,18:02,Lights,22.3,1.68
2025-03-09,18:38,Washing Machine,439.0,0.42
2025-03-09,19:04,Lights,44.7,1.99
2025-03-09,19:04,Air Conditioner,1502.8,2.09
2025-03-09,19:28,Lights,28.3,1.61
2025-03-09,19:32,Air Conditioner,1331.3,3.66
2025-03-09,19:38,Television,109.6,2.15
2025-03-09,19:45,Refrigerator,123.2,0.59
2025-03-09,20:22,Television,131.6,1.06
2025-03-09,23:28,Electric Fan,86.3,2.2
2025-03-09,23:42,Refrigerator,176.0,0.43
2025-03-10,02:01,Refrigerator,170.1,0.55
2025-03-10,02:59,Refrigerator,150.0,0.54
2025-03-10,03:48,Refrigerator,124.6,0.57
2025-03-10,04:51,Refrigerator,109.3,0.71
2025-03-10,05:19,Refrigerator,150.7,0.7
2025-03-10,05:40,Refrigerator,158.1,0.4
2025-03-10,06:27,Lights,28.3,2.37
2025-03-10,07:57,Refrigerator,137.8,0.56
2025-03-10,08:09,Refrigerator,155.2,0.6
2025-03-10,08:37,Refrigerator,163.3,0.56
2025-03-10,08:39,Refrigerator,139.3,0.53
2025-03-10,10:04,Refrigerator,197.8,0.62
2025-03-10,10:22,Refrigerator,167.4,0.4
2025-03-10,10:29,Laptop,62.6,3.49
2025-03-10,11:12,Refrigerator,161.7,0.46
2025-03-10,11:35,Refrigerator,154.8,0.44
2025-03-10,12:05,Microwave,993.3,0.17
2025-03-10,12:59,Refrigerator,173.7,0.44
2025-03-10,13:24,Microwave,973.4,0.08
2025-03-10,13:36,Refrigerator,150.5,0.54
2025-03-10,14:52,Air Conditioner,1754.5,1.3
2025-03-10,16:57,Air Conditioner,1554.2,2.91
2025-03-10,17:19,Refrigerator,132.6,0.51
2025-03-10,18:04,Refrigerator,155.8,0.6
2025-03-10,18:31,Television,143.3,4.2
2025-03-10,18:34,Refrigerator,134.2,0.5
2025-03-10,18:35,Lights,31.7,1.71
2025-03-10,19:17,Water Heater,2362.6,0.5
2025-03-10,19:19,Water Heater,2400.9,0.54
2025-03-10,20:11,Laptop,40.5,4.04
2025-03-10,20:26,Refrigerator,147.5,0.56
2025-03-10,21:22,Refrigerator,140.7,0.58
2025-03-10,21:23,Lights,49.5,1.54
2025-03-10,21:38,Refrigerator,165.4,0.44
2025-03-10,22:15,Refrigerator,129.8,0.49
2025-03-10,22:52,Refrigerator,150.3,0.4
2025-03-10,23:39,Refrigerator,138.9,0.54
2025-03-11,01:05,Refrigerator,201.9,0.61
2025-03-11,01:39,Refrigerator,153.4,0.54
2025-03-11,01:58,Refrigerator,139.2,0.53
2025-03-11,02:07,Refrigerator,167.4,0.38
2025-03-11,02:36,Refrigerator,123.3,0.6
2025-03-11,02:52,Refrigerator,150.9,0.68
2025-03-11,03:11,Refrigerator,137.8,0.4
2025-03-11,04:36,Refrigerator,155.0,0.66
2025-03-11,07:08,Lights,45.9,2.71
2025-03-11,07:50,Refrigerator,133.4,0.36
2025-03-11,08:56,Microwave,939.4,0.16
2025-03-11,09:27,Washing Machine,461.5,0.6
2025-03-11,10:27,Refrigerator,151.1,0.6
2025-03-11,10:38,Refrigerator,163.0,0.42
2025-03-11,11:01,Refrigerator,180.2,0.63
2025-03-11,13:38,Microwave,918.8,0.09
2025-03-11,13:43,Refrigerator,135.7,0.48
2025-03-11,14:13,Air Conditioner,1975.8,1.73
2025-03-11,14:18,Refrigerator,148.3,0.71
2025-03-11,14:41,Laptop,63.0,2.48
2025-03-11,15:23,Refrigerator,163.6,0.48
2025-03-11,17:23,Refrigerator,169.9,0.64
2025-03-11,17:45,Refrigerator,168.5,0.39
2025-03-11,17:54,Refrigerator,160.4,0.4
2025-03-11,18:23,Water Heater,2212.4,0.53
2025-03-11,18:29,Refrigerator,151.0,0.65
2025-03-11,18:33,Air Conditioner,1511.6,1.65
2025-03-11,19:10,Lights,21.6,1.32
2025-03-11,19:43,Refrigerator,121.8,0.48
2025-03-11,20:41,Lights,49.6,2.07
2025-03-11,21:04,Television,136.0,1.76
2025-03-11,21:23,Refrigerator,162.6,0.45
2025-03-11,21:49,Refrigerator,108.9,0.74
2025-03-11,22:06,Lights,41.0,1.55
2025-03-11,22:18,Refrigerator,140.6,0.42
2025-03-11,22:28,Refrigerator,143.7,0.48
2025-03-11,22:37,Lights,41.1,2.43
2025-03-11,22:46,Lights,50.6,1.81
2025-03-11,23:58,Refrigerator,149.4,0.37
2025-03-12,00:42,Refrigerator,129.9,0.29
2025-03-12,01:08,Refrigerator,143.6,0.4
2025-03-12,01:08,Refrigerator,138.6,0.7
2025-03-12,01:45,Refrigerator,151.0,0.48
2025-03-12,02:59,Refrigerator,174.2,0.6
2025-03-12,04:16,Refrigerator,159.6,0.49
2025-03-12,05:42,Refrigerator,159.8,0.55
2025-03-12,05:43,Refrigerator,177.7,0.52
2025-03-12,05:55,Refrigerator,131.4,0.64
2025-03-12,06:11,Refrigerator,144.2,0.65
2025-03-12,06:14,Refrigerator,166.0,0.46
2025-03-12,06:14,Lights,36.6,1.33
2025-03-12,06:21,Refrigerator,183.6,0.43
2025-03-12,07:08,Refrigerator,163.3,0.49
2025-03-12,07:33,Refrigerator,177.6,0.51
2025-03-12,08:48,Refrigerator,172.8,0.38
2025-03-12,09:24,Refrigerator,120.8,0.43
2025-03-12,09:33,Refrigerator,178.0,0.66
2025-03-12,11:28,Laptop,68.3,3.51
2025-03-12,11:55,Refrigerator,156.2,0.43
2025-03-12,12:20,Refrigerator,138.8,0.48
2025-03-12,13:31,Electric Fan,69.9,1.66
2025-03-12,13:37,Refrigerator,153.4,0.78
2025-03-12,14:47,Air Conditioner,1594.3,2.5
2025-03-12,15:09,Electric Fan,74.7,3.04
2025-03-12,15:28,Refrigerator,155.7,0.49
2025-03-12,16:27,Air Conditioner,1318.7,3.28
2025-03-12,16:32,Refrigerator,190.9,0.53
2025-03-12,18:55,Lights,27.8,1.44
2025-03-12,19:30,Microwave,1104.3,0.17
2025-03-12,19:31,Lights,41.4,2.11
2025-03-12,19:49,Water Heater,1452.1,0.6
2025-03-12,19:54,Microwave,915.8,0.11
2025-03-12,19:56,Refrigerator,118.1,0.3
2025-03-12,20:16,Laptop,54.8,0.93
2025-03-12,20:25,Refrigerator,179.3,0.45
2025-03-12,20:26,Microwave,1180.2,0.11
2025-03-12,20:28,Lights,49.4,1.81
2025-03-12,20:31,Microwave,1162.4,0.12
2025-03-12,21:05,Refrigerator,144.2,0.44
2025-03-12,21:41,Television,94.8,1.01
2025-03-12,21:57,Lights,49.3,1.12
2025-03-12,21:59,Laptop,59.8,3.43
2025-03-12,22:54,Refrigerator,148.8,0.43
2025-03-13,02:17,Refrigerator,126.8,0.33
2025-03-13,02:58,Refrigerator,147.7,0.47
2025-03-13,03:10,Refrigerator,161.4,0.5
2025-03-13,06:12,Refrigerator,155.0,0.54
2025-03-13,06:13,Lights,44.4,1.12
2025-03-13,06:14,Refrigerator,183.8,0.53
2025-03-13,06:21,Lights,25.1,2.83
2025-03-13,06:57,Refrigerator,124.5,0.59
2025-03-13,07:53,Refrigerator,166.9,0.59
2025-03-13,09:16,Refrigerator,152.0,0.54
2025-03-13,10:27,Laptop,67.6,2.18
2025-03-13,10:37,Refrigerator,154.5,0.64
2025-03-13,11:43,Refrigerator,187.9,0.49
2025-03-13,12:22,Refrigerator,162.3,0.48
2025-03-13,12:43,Refrigerator,123.8,0.42
2025-03-13,13:13,Electric Fan,91.2,3.44
2025-03-13,13:55,Refrigerator,159.0,0.38
2025-03-13,14:05,Refrigerator,143.4,0.45
2025-03-13,14:33,Refrigerator,163.1,0.64
2025-03-13,16:11,Refrigerator,153.4,0.46
2025-03-13,16:19,Air Conditioner,1544.3,2.57
2025-03-13,16:35,Refrigerator,132.2,0.57
2025-03-13,17:33,Refrigerator,149.7,0.55
2025-03-13,18:22,Air Conditioner,1795.6,1.11
2025-03-13,18:36,Television,121.7,2.19
2025-03-13,19:18,Television,126.5,2.26
2025-03-13,19:23,Refrigerator,128.3,0.47
2025-03-13,19:25,Water Heater,1962.7,0.48
2025-03-13,19:36,Water Heater,2272.4,0.51
2025-03-13,19:47,Refrigerator,143.7,0.53
2025-03-13,20:12,Lights,27.2,2.63
2025-03-13,20:19,Lights,29.7,1.56
2025-03-13,21:04,Lights,44.9,1.76
2025-03-13,21:28,Lights,46.3,1.82
2025-03-13,21:43,Refrigerator,113.6,0.43
2025-03-13,22:00,Refrigerator,128.7,0.29
2025-03-13,23:15,Electric Fan,64.3,3.67
2025-03-13,23:15,Refrigerator,177.0,0.57
2025-03-14,00:23,Refrigerator,137.9,0.57
2025-03-14,00:33,Refrigerator,172.7,0.45
2025-03-14,01:15,Refrigerator,161.5,0.46
2025-03-14,03:11,Refrigerator,136.8,0.55
2025-03-14,03:51,Refrigerator,165.1,0.51
2025-03-14,05:05,Refrigerator,208.7,0.39
2025-03-14,06:14,Refrigerator,142.0,0.58
2025-03-14,06:25,Lights,51.3,2.08
2025-03-14,06:27,Water Heater,1688.6,0.56
2025-03-14,06:37,Refrigerator,152.5,0.48
2025-03-14,06:58,Water Heater,1890.0,0.63
2025-03-14,07:00,Microwave,1008.0,0.14
2025-03-14,07:48,Refrigerator,163.3,0.51
2025-03-14,08:57,Refrigerator,148.5,0.42
2025-03-14,09:05,Laptop,62.6,2.87
2025-03-14,09:37,Refrigerator,166.4,0.54
2025-03-14,10:50,Refrigerator,150.3,0.46
2025-03-14,10:54,Refrigerator,157.2,0.55
2025-03-14,10:56,Refrigerator,129.5,0.51
2025-03-14,10:59,Refrigerator,164.5,0.51
2025-03-14,11:27,Refrigerator,156.1,0.52
2025-03-14,11:41,Refrigerator,141.8,0.66
2025-03-14,12:36,Refrigerator,133.1,0.56
2025-03-14,13:26,Microwave,961.5,0.05
2025-03-14,13:35,Refrigerator,142.7,0.48
2025-03-14,13:57,Electric Fan,84.7,3.18
2025-03-14,13:59,Microwave,1076.4,0.05
2025-03-14,14:02,Refrigerator,182.0,0.58
2025-03-14,14:25,Refrigerator,137.3,0.4
2025-03-14,15:14,Air Conditioner,1508.0,2.5
2025-03-14,16:29,Refrigerator,165.7,0.48
2025-03-14,18:25,Air Conditioner,1315.3,1.91
2025-03-14,19:23,Air Conditioner,1242.8,3.23
2025-03-14,19:31,Television,100.2,1.3
2025-03-14,19:45,Air Conditioner,1715.7,3.51
2025-03-14,19:57,Microwave,848.1,0.05
2025-03-14,20:03,Lights,31.4,2.28
2025-03-14,20:19,Refrigerator,137.1,0.6
2025-03-14,20:38,Lights,37.3,2.62
2025-03-14,21:15,Laptop,51.5,3.97
2025-03-14,22:19,Lights,28.6,1.86
2025-03-14,22:40,Refrigerator,183.9,0.41
2025-03-14,23:01,Refrigerator,140.7,0.35
2025-03-14,23:10,Refrigerator,167.5,0.48
2025-03-14,23:59,Refrigerator,123.3,0.57
2025-03-15,00:04,Refrigerator,113.9,0.47
2025-03-15,00:38,Refrigerator,193.3,0.61
2025-03-15,01:08,Refrigerator,129.9,0.4
2025-03-15,01:12,Refrigerator,187.2,0.62
2025-03-15,01:36,Refrigerator,151.1,0.43
2025-03-15,01:42,Refrigerator,165.1,0.58
2025-03-15,02:08,Refrigerator,160.7,0.56
2025-03-15,02:58,Refrigerator,161.6,0.55
2025-03-15,05:41,Refrigerator,128.9,0.53
2025-03-15,06:09,Refrigerator,133.4,0.34
2025-03-15,06:47,Lights,34.7,1.74
2025-03-15,07:27,Lights,40.7,1.6
2025-03-15,07:52,Water Heater,2199.8,0.34
2025-03-15,08:09,Refrigerator,155.0,0.63
2025-03-15,08:28,Refrigerator,168.3,0.77
2025-03-15,11:06,Laptop,68.0,1.11
2025-03-15,11:24,Refrigerator,141.6,0.46
2025-03-15,14:41,Air Conditioner,1726.3,2.09
2025-03-15,15:11,Refrigerator,143.4,0.6
2025-03-15,15:40,Electric Fan,87.3,2.83
2025-03-15,17:01,Refrigerator,150.6,0.43
2025-03-15,17:04,Refrigerator,171.0,0.56
2025-03-15,18:49,Washing Machine,490.6,0.83
2025-03-15,18:59,Refrigerator,139.7,0.42
2025-03-15,19:09,Refrigerator,153.9,0.61
2025-03-15,19:12,Lights,31.5,2.0
2025-03-15,19:25,Television,133.3,0.34
2025-03-15,19:54,Television,123.5,3.74
2025-03-15,20:03,Microwave,1010.3,0.11
2025-03-15,20:14,Refrigerator,131.9,0.4
2025-03-15,20:24,Lights,43.1,1.37
2025-03-15,20:27,Refrigerator,175.0,0.54
2025-03-15,20:31,Lights,49.1,1.8
2025-03-15,20:34,Air Conditioner,1543.6,1.21
2025-03-15,21:40,Refrigerator,125.8,0.53
2025-03-15,22:47,Refrigerator,142.6,0.47
2025-03-16,02:43,Refrigerator,158.4,0.54
2025-03-16,03:10,Refrigerator,148.0,0.45
2025-03-16,05:41,Refrigerator,146.9,0.41
2025-03-16,06:09,Lights,47.6,1.33
2025-03-16,07:24,Lights,50.3,2.34
2025-03-16,07:37,Refrigerator,163.6,0.49
2025-03-16,08:32,Refrigerator,146.8,0.5
2025-03-16,08:33,Refrigerator,171.1,0.49
2025-03-16,08:40,Microwave,914.4,0.07
2025-03-16,08:50,Microwave,1046.1,0.17
2025-03-16,09:45,Refrigerator,187.3,0.6
2025-03-16,10:48,Refrigerator,102.3,0.57
2025-03-16,10:51,Refrigerator,165.1,0.48
2025-03-16,11:08,Refrigerator,169.5,0.64
2025-03-16,11:14,Refrigerator,145.7,0.6
2025-03-16,12:20,Microwave,1075.0,0.06
2025-03-16,12:46,Microwave,933.2,0.06
2025-03-16,12:58,Refrigerator,156.4,0.48
2025-03-16,13:15,Refrigerator,117.0,0.43
2025-03-16,14:31,Refrigerator,163.0,0.46
2025-03-16,15:07,Electric Fan,78.2,2.47
2025-03-16,15:26,Refrigerator,156.4,0.36
2025-03-16,16:07,Air Conditioner,1415.7,2.59
2025-03-16,17:22,Iron,1072.1,0.15
2025-03-16,18:14,Washing Machine,481.7,1.27
2025-03-16,18:17,Water Heater,1684.5,0.27
2025-03-16,18:23,Refrigerator,149.3,0.57
2025-03-16,18:26,Television,131.2,1.13
2025-03-16,19:02,Refrigerator,170.0,0.49
2025-03-16,19:53,Refrigerator,157.8,0.42
2025-03-16,20:01,Refrigerator,110.7,0.5
2025-03-16,20:03,Laptop,59.9,1.94
2025-03-16,20:11,Refrigerator,136.0,0.4
2025-03-16,20:24,Lights,36.2,2.0
2025-03-16,20:43,Lights,35.9,2.32
2025-03-16,21:19,Refrigerator,132.4,0.63
2025-03-16,21:43,Refrigerator,181.6,0.46
2025-03-16,22:06,Television,152.3,1.26
2025-03-16,22:13,Refrigerator,131.2,0.48
2025-03-17,00:15,Refrigerator,149.2,0.42
2025-03-17,00:16,Refrigerator,148.4,0.48
2025-03-17,01:01,Refrigerator,143.1,0.46
2025-03-17,02:14,Refrigerator,134.3,0.57
2025-03-17,04:28,Refrigerator,121.1,0.57
2025-03-17,05:36,Water Heater,1928.9,0.51
2025-03-17,06:27,Refrigerator,158.4,0.52
2025-03-17,06:57,Refrigerator,157.1,0.71
2025-03-17,07:05,Refrigerator,181.7,0.52
2025-03-17,07:42,Water Heater,2344.0,0.41
2025-03-17,07:56,Lights,35.6,1.68
2025-03-17,11:18,Washing Machine,449.6,0.94
2025-03-17,12:05,Microwave,918.4,0.15
2025-03-17,12:39,Refrigerator,170.8,0.51
2025-03-17,14:37,Electric Fan,88.5,2.42
2025-03-17,14:43,Laptop,50.4,2.6
2025-03-17,16:07,Refrigerator,189.5,0.39
2025-03-17,17:42,Refrigerator,151.5,0.36
2025-03-17,17:42,Refrigerator,156.4,0.52
2025-03-17,18:23,Refrigerator,163.4,0.75
2025-03-17,18:26,Lights,52.8,0.23
2025-03-17,19:00,Air Conditioner,1697.6,1.73
2025-03-17,19:09,Lights,14.3,1.01
2025-03-17,19:12,Microwave,948.6,0.15
2025-03-17,19:14,Refrigerator,113.1,0.46
2025-03-17,19:26,Microwave,923.6,0.09
2025-03-17,19:27,Microwave,940.8,0.2
2025-03-17,20:08,Television,142.5,3.25
2025-03-17,20:25,Air Conditioner,1037.1,2.1
2025-03-17,20:30,Refrigerator,154.1,0.49
2025-03-17,20:41,Refrigerator,146.5,0.5
2025-03-17,20:47,Lights,41.8,2.67
2025-03-17,21:14,Refrigerator,182.6,0.49
2025-03-17,21:41,Refrigerator,163.4,0.62
2025-03-17,23:11,Refrigerator,163.2,0.68
2025-03-17,23:46,Refrigerator,141.4,0.51
2025-03-17,23:49,Electric Fan,70.0,3.79
2025-03-18,00:24,Refrigerator,171.9,0.68
2025-03-18,00:42,Refrigerator,159.0,0.47
2025-03-18,02:48,Refrigerator,124.2,0.63
2025-03-18,02:53,Refrigerator,157.5,0.59
2025-03-18,04:37,Refrigerator,149.4,0.43
2025-03-18,04:56,Refrigerator,158.8,0.5
2025-03-18,06:02,Water Heater,1948.7,0.68
2025-03-18,06:23,Refrigerator,144.6,0.52
2025-03-18,07:21,Microwave,1055.4,0.05
2025-03-18,08:29,Refrigerator,151.5,0.56
2025-03-18,08:58,Refrigerator,143.1,0.29
2025-03-18,09:58,Laptop,47.0,3.03
2025-03-18,09:58,Refrigerator,137.5,0.51
2025-03-18,10:10,Refrigerator,161.3,0.4
2025-03-18,11:04,Refrigerator,151.1,0.55
2025-03-18,12:00,Refrigerator,151.5,0.6
2025-03-18,12:10,Refrigerator,160.0,0.5
2025-03-18,12:21,Refrigerator,141.0,0.38
2025-03-18,13:14,Microwave,1069.8,0.06
2025-03-18,13:37,Microwave,906.4,0.11
2025-03-18,13:46,Refrigerator,133.8,0.69
2025-03-18,14:01,Refrigerator,151.7,0.4
2025-03-18,14:25,Refrigerator,139.9,0.41
2025-03-18,14:25,Refrigerator,141.3,0.67
2025-03-18,15:32,Refrigerator,138.2,0.49
2025-03-18,19:14,Television,113.9,1.4
2025-03-18,19:16,Water Heater,1840.1,0.52
2025-03-18,20:20,Laptop,67.0,3.85
2025-03-18,21:34,Lights,23.7,0.75
2025-03-18,21:54,Lights,68.2,0.8
2025-03-18,22:10,Lights,38.6,2.3
2025-03-18,22:25,Electric Fan,69.1,3.22
2025-03-18,22:45,Electric Fan,76.4,3.0
2025-03-18,23:28,Refrigerator,147.9,0.56
2025-03-19,00:20,Refrigerator,171.7,0.39
2025-03-19,00:35,Refrigerator,156.7,0.41
2025-03-19,01:49,Refrigerator,120.6,0.58
2025-03-19,02:57,Refrigerator,139.3,0.48
2025-03-19,03:48,Refrigerator,157.2,0.41
2025-03-19,06:25,Refrigerator,111.1,0.41
2025-03-19,06:30,Refrigerator,114.7,0.53
2025-03-19,06:55,Lights,41.0,2.23
2025-03-19,07:30,Water Heater,1278.9,0.64
2025-03-19,07:37,Refrigerator,152.5,0.49
2025-03-19,07:51,Lights,38.2,1.45
2025-03-19,07:58,Microwave,860.9,0.05
2025-03-19,09:39,Refrigerator,123.4,0.48
2025-03-19,10:15,Refrigerator,127.9,0.58
2025-03-19,10:15,Refrigerator,155.8,0.57
2025-03-19,10:51,Refrigerator,131.4,0.44
2025-03-19,11:07,Refrigerator,154.4,0.42
2025-03-19,12:18,Refrigerator,172.9,0.61
2025-03-19,13:15,Refrigerator,149.5,0.49
2025-03-19,14:31,Electric Fan,56.3,2.6
2025-03-19,15:04,Laptop,70.8,0.5
2025-03-19,16:03,Electric Fan,79.9,3.16
2025-03-19,16:38,Refrigerator,141.5,0.4
2025-03-19,16:43,Refrigerator,171.6,0.37
2025-03-19,17:16,Refrigerator,163.5,0.68
2025-03-19,17:35,Air Conditioner,1320.7,1.51
2025-03-19,18:28,Television,90.0,0.89
2025-03-19,18:40,Washing Machine,451.0,1.16
2025-03-19,19:06,Lights,37.7,1.55
2025-03-19,19:37,Microwave,1045.1,0.15
2025-03-19,20:45,Television,110.4,0.19
2025-03-19,20:51,Lights,38.5,2.53
2025-03-19,20:51,Refrigerator,105.5,0.45
2025-03-19,20:57,Air Conditioner,1334.1,1.88
2025-03-19,20:57,Refrigerator,146.8,0.52
2025-03-19,21:04,Refrigerator,158.1,0.76
2025-03-19,21:39,Refrigerator,161.1,0.55
2025-03-19,22:44,Lights,56.7,1.55
2025-03-19,23:22,Refrigerator,143.3,0.32
2025-03-20,00:00,Refrigerator,163.2,0.49
2025-03-20,02:33,Refrigerator,174.9,0.72
2025-03-20,02:59,Refrigerator,152.1,0.27
2025-03-20,03:21,Refrigerator,175.1,0.53
2025-03-20,03:26,Refrigerator,149.6,0.58
2025-03-20,04:08,Refrigerator,163.7,0.46
2025-03-20,04:44,Refrigerator,159.5,0.7
2025-03-20,04:58,Refrigerator,152.2,0.51
2025-03-20,05:16,Refrigerator,135.7,0.58
2025-03-20,05:59,Refrigerator,147.8,0.46
2025-03-20,06:04,Water Heater,1728.7,0.45
2025-03-20,06:17,Lights,42.5,2.2
2025-03-20,07:31,Microwave,856.5,0.07
2025-03-20,08:08,Refrigerator,151.9,0.4
2025-03-20,09:21,Laptop,51.4,3.79
2025-03-20,12:01,Refrigerator,143.0,0.48
2025-03-20,12:07,Refrigerator,162.0,0.45
2025-03-20,13:28,Microwave,1114.0,0.06
2025-03-20,13:34,Refrigerator,121.1,0.63
2025-03-20,15:11,Laptop,64.5,3.48
2025-03-20,18:04,Lights,36.8,2.06
2025-03-20,18:15,Refrigerator,133.2,0.63
2025-03-20,18:24,Refrigerator,150.0,0.35
2025-03-20,18:44,Air Conditioner,1551.3,3.44
2025-03-20,18:45,Refrigerator,180.6,0.45
2025-03-20,19:02,Refrigerator,153.4,0.41
2025-03-20,19:25,Air Conditioner,1621.5,1.45
2025-03-20,19:32,Refrigerator,130.0,0.66
2025-03-20,19:41,Refrigerator,164.9,0.43
2025-03-20,19:44,Lights,23.6,2.48
2025-03-20,19:55,Refrigerator,158.9,0.44
2025-03-20,19:56,Television,140.6,2.35
2025-03-20,20:38,Refrigerator,159.9,0.45
2025-03-20,20:40,Microwave,933.6,0.05
2025-03-20,21:09,Lights,20.3,1.71
2025-03-20,21:49,Lights,34.5,2.08
2025-03-20,22:11,Refrigerator,170.0,0.45
2025-03-20,23:35,Refrigerator,152.0,0.62
2025-03-21,00:22,Refrigerator,179.3,0.71
2025-03-21,02:28,Refrigerator,114.5,0.5
2025-03-21,03:10,Refrigerator,154.7,0.43
2025-03-21,03:29,Refrigerator,174.4,0.51
2025-03-21,03:38,Refrigerator,151.1,0.45
2025-03-21,03:42,Refrigerator,153.7,0.55
2025-03-21,03:52,Refrigerator,144.4,0.71
2025-03-21,06:22,Refrigerator,175.9,0.56
2025-03-21,06:41,Water Heater,1713.8,0.55
2025-03-21,07:37,Refrigerator,146.7,0.41
2025-03-21,09:27,Refrigerator,143.2,0.55
2025-03-21,09:30,Refrigerator,112.9,0.52
2025-03-21,10:48,Refrigerator,179.1,0.58
2025-03-21,13:07,Refrigerator,185.3,0.78
2025-03-21,13:23,Refrigerator,127.3,0.53
2025-03-21,14:12,Refrigerator,156.8,0.65
2025-03-21,15:20,Refrigerator,165.0,0.54
2025-03-21,15:31,Air Conditioner,1295.3,3.16
2025-03-21,15:46,Laptop,64.4,2.61
2025-03-21,16:29,Refrigerator,123.1,0.41
2025-03-21,17:59,Refrigerator,158.0,0.52
2025-03-21,18:44,Refrigerator,128.6,0.63
2025-03-21,18:54,Lights,47.0,2.67
2025-03-21,19:12,Refrigerator,123.3,0.63
2025-03-21,19:54,Microwave,1002.1,0.12
2025-03-21,20:00,Laptop,39.2,3.46
2025-03-21,20:12,Refrigerator,124.1,0.43
2025-03-21,20:24,Microwave,1046.2,0.05
2025-03-21,20:25,Refrigerator,162.5,0.39
2025-03-21,20:53,Air Conditioner,1321.9,2.01
2025-03-21,21:07,Lights,49.0,1.31
2025-03-21,21:09,Refrigerator,155.3,0.5
2025-03-21,21:34,Lights,47.3,1.95
2025-03-21,21:37,Television,127.7,2.66
2025-03-21,22:00,Electric Fan,86.8,1.53
2025-03-21,22:39,Lights,32.3,1.21
2025-03-21,22:50,Refrigerator,182.9,0.75
2025-03-21,23:50,Refrigerator,196.8,0.41
2025-03-22,00:38,Refrigerator,152.9,0.59
2025-03-22,02:41,Refrigerator,171.7,0.43
2025-03-22,03:24,Refrigerator,130.3,0.48
2025-03-22,03:53,Refrigerator,194.8,0.41
2025-03-22,05:08,Refrigerator,120.3,0.32
2025-03-22,05:50,Water Heater,1665.1,0.4
2025-03-22,06:19,Lights,45.4,2.32
2025-03-22,06:40,Refrigerator,170.6,0.34
2025-03-22,06:48,Refrigerator,142.2,0.74
2025-03-22,07:01,Iron,1040.0,0.53
2025-03-22,07:18,Refrigerator,95.7,0.49
2025-03-22,08:06,Refrigerator,177.4,0.55
2025-03-22,09:12,Refrigerator,130.0,0.35
2025-03-22,10:25,Refrigerator,169.7,0.51
2025-03-22,10:54,Refrigerator,139.0,0.39
2025-03-22,11:00,Laptop,48.7,3.27
2025-03-22,12:34,Refrigerator,157.8,0.42
2025-03-22,12:50,Refrigerator,124.4,0.57
2025-03-22,12:53,Refrigerator,169.2,0.5
2025-03-22,12:53,Refrigerator,135.5,0.64
2025-03-22,13:16,Electric Fan,77.7,2.0
2025-03-22,14:15,Air Conditioner,1613.7,2.33
2025-03-22,14:45,Refrigerator,149.2,0.47
2025-03-22,15:54,Refrigerator,139.8,0.46
2025-03-22,16:13,Refrigerator,121.0,0.45
2025-03-22,16:40,Refrigerator,143.0,0.48
2025-03-22,16:51,Air Conditioner,1603.0,2.15
2025-03-22,17:16,Refrigerator,185.7,0.53
2025-03-22,17:43,Refrigerator,140.8,0.56
2025-03-22,17:46,Refrigerator,203.7,0.43
2025-03-22,18:46,Water Heater,2174.0,0.6
2025-03-22,18:48,Television,152.7,2.63
2025-03-22,19:42,Microwave,920.2,0.11
2025-03-22,19:54,Air Conditioner,1426.8,1.71
2025-03-22,20:19,Laptop,59.4,1.86
2025-03-22,20:59,Lights,27.7,1.58
2025-03-22,21:03,Refrigerator,122.8,0.32
2025-03-22,21:14,Lights,17.7,1.8
2025-03-22,21:52,Refrigerator,144.8,0.37
2025-03-22,22:18,Lights,66.4,2.15
2025-03-22,23:30,Refrigerator,116.5,0.51
2025-03-22,23:43,Electric Fan,71.7,3.27
2025-03-23,00:50,Refrigerator,126.6,0.43
2025-03-23,00:57,Refrigerator,131.5,0.49
2025-03-23,01:36,Refrigerator,118.8,0.64
2025-03-23,02:58,Refrigerator,128.7,0.32
2025-03-23,03:22,Refrigerator,169.2,0.61
2025-03-23,04:26,Refrigerator,146.0,0.47
2025-03-23,04:28,Refrigerator,143.4,0.66
2025-03-23,05:09,Refrigerator,136.8,0.5
2025-03-23,05:30,Refrigerator,168.8,0.4
2025-03-23,07:33,Water Heater,1896.3,0.52
2025-03-23,08:01,Refrigerator,132.6,0.43
2025-03-23,08:28,Microwave,986.0,0.12
2025-03-23,08:41,Refrigerator,166.6,0.44
2025-03-23,09:09,Refrigerator,134.3,0.38
2025-03-23,09:28,Refrigerator,182.8,0.47
2025-03-23,11:53,Refrigerator,117.7,0.42
2025-03-23,13:03,Refrigerator,143.4,0.61
2025-03-23,13:08,Microwave,1049.5,0.12
2025-03-23,13:47,Microwave,753.4,0.14
2025-03-23,14:13,Electric Fan,63.0,3.29
2025-03-23,14:16,Electric Fan,71.2,0.93
2025-03-23,14:30,Refrigerator,169.5,0.56
2025-03-23,15:05,Laptop,53.9,2.6
2025-03-23,15:06,Air Conditioner,1552.9,1.26
2025-03-23,15:30,Air Conditioner,1693.8,2.28
2025-03-23,16:25,Refrigerator,145.8,0.41
2025-03-23,18:51,Lights,55.0,1.73
2025-03-23,19:06,Lights,39.2,2.25
2025-03-23,19:09,Refrigerator,168.4,0.45
2025-03-23,19:13,Lights,45.0,1.94
2025-03-23,19:33,Television,101.1,2.2
2025-03-23,19:47,Refrigerator,141.8,0.52
2025-03-23,20:03,Air Conditioner,1612.1,3.02
2025-03-23,20:09,Microwave,925.7,0.06
2025-03-23,20:36,Refrigerator,163.5,0.44
2025-03-23,20:45,Refrigerator,135.4,0.59
2025-03-23,21:07,Refrigerator,159.0,0.6
2025-03-23,21:20,Refrigerator,131.4,0.39
2025-03-23,21:27,Refrigerator,110.2,0.37
2025-03-23,22:00,Lights,47.4,1.7
2025-03-24,00:03,Refrigerator,127.5,0.56
2025-03-24,00:07,Refrigerator,142.9,0.47
2025-03-24,01:35,Refrigerator,157.5,0.42
2025-03-24,01:37,Refrigerator,148.4,0.53
2025-03-24,03:39,Refrigerator,149.9,0.69
2025-03-24,04:17,Refrigerator,139.6,0.38
2025-03-24,04:57,Refrigerator,143.1,0.43
2025-03-24,07:47,Lights,52.7,2.25
2025-03-24,08:16,Refrigerator,120.4,0.37
2025-03-24,09:30,Refrigerator,144.5,0.6
2025-03-24,09:50,Refrigerator,151.2,0.45
2025-03-24,10:12,Laptop,71.8,4.91
2025-03-24,10:18,Refrigerator,136.6,0.38
2025-03-24,10:34,Laptop,72.2,4.0
2025-03-24,11:32,Refrigerator,121.2,0.51
2025-03-24,12:09,Refrigerator,125.8,0.58
2025-03-24,12:14,Microwave,1070.3,0.22
2025-03-24,12:58,Refrigerator,164.8,0.43
2025-03-24,14:24,Refrigerator,165.3,0.39
2025-03-24,15:07,Refrigerator,126.4,0.6
2025-03-24,16:15,Air Conditioner,1722.1,3.56
2025-03-24,18:06,Water Heater,1378.6,0.6
2025-03-24,18:25,Television,106.6,0.35
2025-03-24,18:36,Lights,37.2,2.05
2025-03-24,18:51,Lights,46.0,2.29
2025-03-24,18:54,Refrigerator,163.4,0.53
2025-03-24,19:06,Microwave,1040.2,0.17
2025-03-24,19:46,Television,126.0,2.83
2025-03-24,19:53,Television,101.8,1.6
2025-03-24,20:18,Refrigerator,145.7,0.4
2025-03-24,20:31,Microwave,1182.1,0.12
2025-03-24,21:04,Refrigerator,168.8,0.35
2025-03-24,21:17,Lights,33.5,1.62
2025-03-24,21:26,Refrigerator,137.0,0.46
2025-03-24,22:30,Refrigerator,137.4,0.68
2025-03-24,22:52,Refrigerator,149.2,0.49
2025-03-24,23:15,Refrigerator,163.1,0.49
2025-03-24,23:24,Refrigerator,142.0,0.57
2025-03-25,04:29,Refrigerator,162.9,0.39
2025-03-25,04:59,Refrigerator,157.4,0.61
2025-03-25,05:18,Refrigerator,155.1,0.32
2025-03-25,05:58,Refrigerator,157.5,0.46
2025-03-25,07:53,Refrigerator,136.3,0.58
2025-03-25,08:27,Refrigerator,146.9,0.61
2025-03-25,09:10,Refrigerator,158.0,0.35
2025-03-25,09:12,Refrigerator,147.5,0.59
2025-03-25,09:49,Refrigerator,118.8,0.43
2025-03-25,10:47,Refrigerator,124.1,0.52
2025-03-25,11:26,Refrigerator,161.1,0.3
2025-03-25,12:45,Microwave,921.3,0.11
2025-03-25,13:15,Refrigerator,122.4,0.52
2025-03-25,14:05,Refrigerator,129.4,0.48
2025-03-25,14:06,Air Conditioner,1580.2,2.21
2025-03-25,14:17,Refrigerator,113.2,0.63
2025-03-25,15:18,Air Conditioner,2008.1,1.55
2025-03-25,15:51,Refrigerator,169.6,0.63
2025-03-25,17:25,Refrigerator,151.6,0.46
2025-03-25,17:50,Refrigerator,146.1,0.62
2025-03-25,18:00,Refrigerator,189.0,0.48
2025-03-25,19:37,Lights,18.7,2.16
2025-03-25,19:46,Lights,47.3,2.38
2025-03-25,19:49,Refrigerator,147.2,0.51
2025-03-25,19:57,Air Conditioner,1676.5,2.97
2025-03-25,20:25,Lights,50.4,1.77
2025-03-25,20:39,Laptop,69.6,4.13
2025-03-25,21:04,Laptop,58.4,3.77
2025-03-25,21:06,Lights,33.0,1.94
2025-03-25,21:27,Television,86.0,2.78
2025-03-25,21:37,Refrigerator,160.0,0.63
2025-03-25,21:46,Refrigerator,154.6,0.4
2025-03-25,21:48,Television,100.1,1.95
2025-03-25,22:02,Refrigerator,157.8,0.56
2025-03-25,22:25,Refrigerator,192.9,0.45
2025-03-25,23:10,Refrigerator,171.2,0.34
2025-03-25,23:43,Refrigerator,167.9,0.51
2025-03-26,02:19,Refrigerator,129.5,0.46
2025-03-26,04:12,Refrigerator,134.8,0.46
2025-03-26,05:26,Water Heater,2205.4,0.61
2025-03-26,05:58,Refrigerator,135.9,0.59
2025-03-26,06:07,Refrigerator,118.5,0.51
2025-03-26,06:41,Refrigerator,140.0,0.24
2025-03-26,06:53,Lights,35.3,1.75
2025-03-26,07:52,Refrigerator,125.0,0.52
2025-03-26,08:02,Refrigerator,114.9,0.43
2025-03-26,09:20,Laptop,63.7,1.03
2025-03-26,11:35,Refrigerator,143.7,0.53
2025-03-26,11:45,Refrigerator,128.5,0.42
2025-03-26,12:02,Refrigerator,174.5,0.41
2025-03-26,12:30,Refrigerator,154.0,0.66
2025-03-26,12:40,Refrigerator,116.6,0.53
2025-03-26,13:04,Microwave,829.5,0.15
2025-03-26,13:52,Microwave,1104.8,0.1
2025-03-26,13:58,Refrigerator,168.2,0.34
2025-03-26,14:35,Refrigerator,168.7,0.58
2025-03-26,16:20,Refrigerator,147.5,0.6
2025-03-26,17:06,Refrigerator,155.5,0.58
2025-03-26,17:13,Air Conditioner,1777.7,3.1
2025-03-26,18:05,Refrigerator,155.2,0.55
2025-03-26,18:05,Washing Machine,497.3,0.99
2025-03-26,18:41,Television,125.7,1.34
2025-03-26,18:42,Lights,48.2,2.04
2025-03-26,18:54,Refrigerator,134.0,0.56
2025-03-26,19:08,Lights,48.1,2.17
2025-03-26,19:26,Lights,48.2,1.39
2025-03-26,19:46,Refrigerator,152.1,0.48
2025-03-26,20:04,Lights,22.9,1.8
2025-03-26,21:10,Refrigerator,95.9,0.49
2025-03-26,21:11,Laptop,65.3,2.88
2025-03-26,21:15,Refrigerator,165.5,0.52
2025-03-26,21:32,Refrigerator,139.4,0.54
2025-03-26,21:44,Refrigerator,152.9,0.49
2025-03-26,22:34,Television,124.8,3.15
2025-03-26,23:32,Refrigerator,163.1,0.42
2025-03-27,00:01,Refrigerator,145.0,0.46
2025-03-27,03:30,Refrigerator,111.2,0.26
2025-03-27,03:51,Refrigerator,140.6,0.46
2025-03-27,06:07,Refrigerator,172.4,0.62
2025-03-27,07:07,Lights,18.0,1.56
2025-03-27,07:09,Microwave,1125.5,0.13
2025-03-27,07:11,Microwave,887.9,0.05
2025-03-27,07:37,Refrigerator,174.0,0.5
2025-03-27,07:59,Lights,28.6,1.88
2025-03-27,08:56,Refrigerator,111.1,0.5
2025-03-27,09:07,Refrigerator,105.6,0.38
2025-03-27,09:26,Refrigerator,180.8,0.66
2025-03-27,10:06,Washing Machine,540.1,1.0
2025-03-27,10:27,Washing Machine,435.5,0.94
2025-03-27,10:57,Laptop,82.7,3.52
2025-03-27,11:39,Laptop,68.4,3.1
2025-03-27,12:01,Refrigerator,110.7,0.35
2025-03-27,12:58,Refrigerator,125.2,0.33
2025-03-27,13:18,Microwave,942.2,0.09
2025-03-27,13:34,Refrigerator,160.8,0.56
2025-03-27,13:42,Electric Fan,77.1,3.18
2025-03-27,14:02,Refrigerator,166.4,0.48
2025-03-27,14:25,Refrigerator,183.0,0.5
2025-03-27,14:58,Refrigerator,164.6,0.37
2025-03-27,15:06,Refrigerator,116.3,0.66
2025-03-27,15:26,Laptop,67.6,3.4
2025-03-27,17:25,Air Conditioner,1697.6,2.12
2025-03-27,18:07,Lights,44.4,1.87
2025-03-27,18:12,Water Heater,1854.5,0.55
2025-03-27,19:16,Lights,51.6,2.53
2025-03-27,19:32,Lights,55.1,2.56
2025-03-27,19:38,Microwave,970.0,0.05
2025-03-27,19:40,Refrigerator,166.5,0.48
2025-03-27,19:59,Refrigerator,119.5,0.57
2025-03-27,20:10,Refrigerator,129.8,0.5
2025-03-27,20:51,Refrigerator,148.1,0.5
2025-03-27,21:28,Refrigerator,148.2,0.45
2025-03-27,22:33,Refrigerator,151.6,0.66
2025-03-27,23:12,Refrigerator,175.6,0.28
2025-03-28,00:57,Refrigerator,181.8,0.49
2025-03-28,04:02,Refrigerator,153.6,0.54
2025-03-28,04:12,Refrigerator,155.4,0.33
2025-03-28,04:15,Refrigerator,140.1,0.67
2025-03-28,04:40,Refrigerator,141.4,0.37
2025-03-28,05:47,Refrigerator,145.2,0.39
2025-03-28,07:05,Refrigerator,154.9,0.5
2025-03-28,07:24,Lights,39.8,1.97
2025-03-28,11:13,Laptop,65.1,2.55
2025-03-28,11:36,Refrigerator,162.0,0.43
2025-03-28,12:05,Refrigerator,155.6,0.62
2025-03-28,13:07,Refrigerator,144.3,0.62
2025-03-28,13:13,Refrigerator,120.3,0.59
2025-03-28,13:43,Refrigerator,171.9,0.45
2025-03-28,14:01,Refrigerator,177.3,0.56
2025-03-28,14:07,Refrigerator,148.3,0.49
2025-03-28,14:20,Refrigerator,149.3,0.62
2025-03-28,14:28,Laptop,65.0,3.65
2025-03-28,15:02,Refrigerator,162.8,0.37
2025-03-28,15:25,Refrigerator,143.4,0.44
2025-03-28,15:30,Electric Fan,62.9,2.53
2025-03-28,15:55,Refrigerator,150.4,0.39
2025-03-28,16:40,Refrigerator,172.3,0.52
2025-03-28,18:11,Refrigerator,163.4,0.61
2025-03-28,18:17,Water Heater,2015.6,0.36
2025-03-28,19:18,Microwave,913.9,0.11
2025-03-28,19:25,Refrigerator,145.4,0.38
2025-03-28,19:25,Refrigerator,135.9,0.51
2025-03-28,19:52,Refrigerator,134.4,0.61
2025-03-28,19:57,Lights,20.7,1.32
2025-03-28,20:06,Microwave,1063.5,0.08
2025-03-28,20:11,Lights,37.2,1.66
2025-03-28,21:09,Refrigerator,139.7,0.37
2025-03-28,21:11,Refrigerator,186.9,0.53
2025-03-28,21:47,Refrigerator,139.3,0.53
2025-03-28,22:12,Refrigerator,165.4,0.52
2025-03-28,22:30,Lights,44.1,1.31
2025-03-28,22:54,Television,105.7,2.1
2025-03-29,00:40,Refrigerator,170.4,0.64
2025-03-29,03:33,Refrigerator,169.4,0.54
2025-03-29,04:24,Refrigerator,143.4,0.53
2025-03-29,05:56,Water Heater,2192.9,0.52
2025-03-29,05:58,Water Heater,2094.9,0.45
2025-03-29,06:33,Refrigerator,146.7,0.48
2025-03-29,08:24,Refrigerator,145.1,0.65
2025-03-29,08:25,Microwave,1106.1,0.08
2025-03-29,08:37,Refrigerator,158.8,0.53
2025-03-29,08:42,Refrigerator,150.6,0.47
2025-03-29,09:39,Refrigerator,145.0,0.52
2025-03-29,10:00,Laptop,67.0,2.56
2025-03-29,11:48,Refrigerator,139.5,0.53
2025-03-29,11:52,Refrigerator,151.1,0.59
2025-03-29,11:59,Refrigerator,166.9,0.55
2025-03-29,12:06,Refrigerator,122.3,0.43
2025-03-29,13:18,Microwave,763.3,0.12
2025-03-29,13:41,Microwave,943.2,0.12
2025-03-29,13:55,Microwave,813.0,0.05
2025-03-29,14:00,Refrigerator,120.3,0.43
2025-03-29,14:31,Electric Fan,76.0,2.28
2025-03-29,14:35,Refrigerator,170.1,0.47
2025-03-29,15:38,Electric Fan,68.1,3.87
2025-03-29,16:03,Air Conditioner,1453.3,2.97
2025-03-29,16:13,Air Conditioner,1783.8,3.58
2025-03-29,16:20,Refrigerator,122.9,0.51
2025-03-29,16:56,Refrigerator,153.8,0.61
2025-03-29,16:57,Refrigerator,126.9,0.53
2025-03-29,17:41,Refrigerator,141.0,0.57
2025-03-29,17:51,Refrigerator,118.6,0.41
2025-03-29,17:52,Refrigerator,119.8,0.55
2025-03-29,18:03,Refrigerator,112.5,0.48
2025-03-29,18:29,Television,115.5,2.08
2025-03-29,18:38,Iron,1044.7,0.66
2025-03-29,18:53,Lights,53.4,1.03
2025-03-29,19:25,Lights,53.4,2.04
2025-03-29,19:32,Air Conditioner,2009.5,3.07
2025-03-29,20:17,Laptop,51.6,2.7
2025-03-29,20:18,Television,114.0,1.96
2025-03-29,21:04,Refrigerator,117.4,0.56
2025-03-29,21:22,Refrigerator,165.3,0.46
2025-03-29,21:42,Refrigerator,188.4,0.55
2025-03-29,22:23,Refrigerator,165.2,0.57
2025-03-29,22:42,Lights,39.3,1.91
2025-03-29,22:59,Refrigerator,146.3,0.41
2025-03-30,00:56,Refrigerator,170.5,0.59
2025-03-30,01:01,Refrigerator,138.0,0.55
2025-03-30,01:23,Refrigerator,156.3,0.46
2025-03-30,01:41,Refrigerator,159.7,0.61
2025-03-30,01:47,Refrigerator,137.8,0.5
2025-03-30,02:38,Refrigerator,136.0,0.54
2025-03-30,04:56,Refrigerator,154.0,0.51
2025-03-30,06:08,Water Heater,1663.2,0.43
2025-03-30,06:44,Refrigerator,162.6,0.66
2025-03-30,07:30,Refrigerator,135.3,0.5
2025-03-30,07:59,Refrigerator,197.6,0.58
2025-03-30,09:49,Refrigerator,158.7,0.39
2025-03-30,10:08,Laptop,55.9,3.97
2025-03-30,11:10,Refrigerator,127.2,0.56
2025-03-30,11:18,Refrigerator,164.5,0.71
2025-03-30,11:38,Refrigerator,170.4,0.7
2025-03-30,12:04,Refrigerator,170.2,0.54
2025-03-30,12:49,Refrigerator,142.4,0.66
2025-03-30,13:06,Microwave,953.9,0.1
2025-03-30,14:01,Refrigerator,122.9,0.31
2025-03-30,15:40,Laptop,69.4,3.72
2025-03-30,15:47,Laptop,71.5,2.6
2025-03-30,16:21,Air Conditioner,1152.3,3.28
2025-03-30,18:20,Refrigerator,142.3,0.49
2025-03-30,18:21,Lights,43.9,2.68
2025-03-30,19:09,Refrigerator,155.6,0.65
2025-03-30,20:09,Lights,36.8,1.97
2025-03-30,20:24,Refrigerator,167.3,0.49
2025-03-30,20:33,Air Conditioner,1622.3,2.59
2025-03-30,20:42,Television,119.4,1.29
2025-03-30,20:42,Microwave,1137.1,0.18
2025-03-30,20:53,Refrigerator,169.5,0.53
2025-03-30,21:02,Lights,28.6,1.84
2025-03-30,21:23,Lights,24.0,1.85
2025-03-30,21:44,Lights,45.4,3.1
2025-03-30,22:14,Lights,61.1,1.4
2025-03-30,22:21,Refrigerator,173.7,0.31
2025-03-30,22:49,Refrigerator,138.7,0.62
2025-03-30,23:54,Refrigerator,152.8,0.67
2025-03-31,00:20,Refrigerator,188.7,0.44
2025-03-31,01:11,Refrigerator,144.9,0.59
2025-03-31,02:09,Refrigerator,173.0,0.55
2025-03-31,02:41,Refrigerator,140.8,0.54
2025-03-31,03:36,Refrigerator,176.5,0.4
2025-03-31,03:43,Refrigerator,194.9,0.44
2025-03-31,04:05,Refrigerator,144.6,0.45
2025-03-31,04:20,Refrigerator,175.2,0.51
2025-03-31,07:06,Lights,41.3,1.64
2025-03-31,07:25,Microwave,968.4,0.12
2025-03-31,07:37,Refrigerator,166.6,0.43
2025-03-31,08:48,Microwave,986.7,0.09
2025-03-31,09:51,Refrigerator,146.6,0.75
2025-03-31,11:47,Refrigerator,127.2,0.5
2025-03-31,13:17,Refrigerator,123.2,0.48
2025-03-31,13:49,Refrigerator,154.5,0.31
2025-03-31,14:59,Laptop,64.0,6.28
2025-03-31,15:09,Refrigerator,158.5,0.6
2025-03-31,15:41,Electric Fan,64.1,3.38
2025-03-31,15:54,Refrigerator,150.7,0.51
2025-03-31,16:07,Refrigerator,176.2,0.59
2025-03-31,16:11,Air Conditioner,1758.3,0.3
2025-03-31,16:40,Air Conditioner,1721.7,1.88
2025-03-31,16:46,Refrigerator,176.2,0.51
2025-03-31,17:02,Refrigerator,134.8,0.57
2025-03-31,17:26,Refrigerator,155.4,0.59
2025-03-31,17:44,Refrigerator,149.3,0.55
2025-03-31,18:10,Refrigerator,161.1,0.51
2025-03-31,18:25,Refrigerator,136.8,0.45
2025-03-31,18:52,Water Heater,2500.2,0.58
2025-03-31,19:10,Refrigerator,133.3,0.46
2025-03-31,19:42,Lights,46.1,2.11
2025-03-31,19:53,Microwave,1084.6,0.08
2025-03-31,19:56,Water Heater,2420.6,0.42
2025-03-31,20:24,Television,99.0,0.14
2025-03-31,20:26,Television,108.9,2.46
2025-03-31,20:26,Refrigerator,139.7,0.48
2025-03-31,20:35,Lights,35.0,2.06
2025-03-31,20:46,Washing Machine,472.2,0.93
2025-03-31,20:52,Laptop,65.4,3.38
2025-03-31,21:39,Laptop,73.7,2.96
2025-03-31,22:07,Lights,45.5,2.52
2025-03-31,22:22,Lights,42.5,1.62
2025-03-31,22:30,Refrigerator,144.2,0.54
2025-03-31,22:56,Lights,42.3,2.78
